role,kind,title,year,runtime,genres,plot outline,rating,total votes,votes/rating,demographic,certificates,metascore,mpaa,color info,trivia,rentals
producer,movie,Killing Hasselhoff,2017,[u'80'],[u'Comedy'],A struggling nightclub owner resorts to desperate measures in order to pay off a loan shark.,4.3,837,"{1: 105, 2: 73, 3: 92, 4: 145, 5: 152, 6: 112, 7: 60, 8: 35, 9: 16, 10: 47}","{u'aged 45+': (104, 4.4), u'aged 30-44': (398, 4.3), u'females': (54, 4.1), u'females aged 30-44': (28, 4.2), 'all votes': (837, 4.3), u'females aged 45+': (8, 2.8), u'males': (621, 4.3), u'males aged 18-29': (133, 4.4), u'aged 18-29': (147, 4.4), u'males aged 30-44': (362, 4.3), u'non-us users': (448, 4.2), u'females aged 18-29': (12, 4.5), u'us users': (93, 4.3), u'top 1000 voters': (39, 3.6), u'males aged 45+': (90, 4.5)}","[u'Australia:MA15+', u'Germany:16', u'Singapore:M18', u'USA:R::(certificate #50295)']",,"Rated R for language and strong sexual references throughout, some nudity, drug use and violence",,,
producer,tv series,Hoff the Record,2015,,[u'Comedy'],30 years after rising to fame with Knight Rider and Baywatch the series follows The Hoff as he moves to the UK to get his career back on track and make sense of his increasingly surreal life.,6.9,252,"{1: 11, 2: 8, 3: 2, 4: 9, 5: 8, 6: 26, 7: 52, 8: 58, 9: 19, 10: 59}","{u'aged 45+': (37, 7.2), u'aged 30-44': (111, 6.7), u'females': (28, 6.4), u'females aged 30-44': (12, 6.7), 'all votes': (252, 6.9), u'females aged 45+': (5, 7.1), u'males': (162, 6.8), u'males aged 18-29': (26, 6.8), u'aged 18-29': (34, 6.3), u'males aged 30-44': (98, 6.6), u'non-us users': (131, 6.8), u'females aged 18-29': (8, 4.7), u'us users': (22, 5.5), u'top 1000 voters': (10, 5.0), u'males aged 45+': (30, 7.0)}",,,,[u'Color'],,
producer,tv movie,Last Night a DJ Saved My Life,2016,[u'UK:90'],[u'Musical'],David Hasselhoff (Baywatch) is a die-hard thrill-seeker and Ibiza's top 80's DJ. Clueless to the fact that a new decade has dawned - disco is out...,7.0,6,"{1: 2, 2: 0, 3: 0, 4: 0, 5: 0, 6: 0, 7: 0, 8: 0, 9: 0, 10: 4}","{u'males aged 30-44': (1, 10.0), 'all votes': (6, 7.0), u'males': (3, 7.0), u'males aged 18-29': (2, 5.5), u'aged 18-29': (2, 5.5), u'aged 30-44': (1, 10.0), u'non-us users': (1, 10.0)}",[u'USA:TV-PG'],,,[u'Color'],,
producer,tv series,The Hasselhoffs,2010,[u'USA:30'],[u'Reality-TV'],,2.4,58,"{1: 41, 2: 5, 3: 1, 4: 0, 5: 3, 6: 1, 7: 1, 8: 1, 9: 1, 10: 4}","{u'aged 45+': (8, 1.3), u'aged 30-44': (25, 1.7), u'females': (12, 1.9), u'females aged 30-44': (3, 2.3), 'all votes': (58, 2.4), u'females aged 45+': (3, 2.3), u'males': (37, 1.6), u'males aged 18-29': (11, 1.7), u'aged 18-29': (16, 1.7), u'males aged 30-44': (20, 1.8), u'non-us users': (20, 2.1), u'females aged 18-29': (5, 1.8), u'us users': (27, 1.5), u'top 1000 voters': (3, 1.3), u'males aged 45+': (5, 1.2)}",[u'USA:TV-PG'],,,[u'Color'],,
producer,tv movie,Baywatch: Hawaiian Wedding,2003,[u'100'],"[u'Action', u'Drama', u'Adventure']",Mitch Buchannon didn't die in a boat explosion in the 10th season but has been recovering from amnesia in Los Angeles...,4.1,1767,"{1: 310, 2: 210, 3: 233, 4: 248, 5: 190, 6: 153, 7: 98, 8: 60, 9: 38, 10: 227}","{u'aged 45+': (167, 4.2), u'aged 30-44': (877, 3.9), u'females': (260, 4.8), u'females aged 30-44': (128, 4.1), 'all votes': (1767, 4.1), u'females aged 45+': (20, 4.5), u'males': (1203, 4.0), u'males aged 18-29': (289, 4.4), u'aged 18-29': (392, 4.7), u'males aged 30-44': (743, 3.8), u'non-us users': (1086, 3.8), u'females aged 18-29': (100, 5.8), u'us users': (220, 5.2), u'top 1000 voters': (82, 3.9), u'males aged 45+': (145, 4.2)}","[u'Australia:PG', u'Germany:12', u'Iceland:12', u'Singapore:NC-16', u'UK:12', u'USA:TV-14']",,,[u'Color'],,
producer,tv series,Baywatch,1989,[u'60::(241 episodes)'],"[u'Action', u'Drama']",A cadre of attractive lifeguards patrol a crowded recreational beach.,5.2,20721,"{1: 1815, 2: 1199, 3: 1559, 4: 2262, 5: 3717, 6: 3542, 7: 2485, 8: 1383, 9: 579, 10: 2180}","{u'aged 45+': (2124, 4.3), u'imdb staff': (2, 3.0), u'aged 30-44': (10570, 5.2), u'females': (4228, 5.1), u'females aged 30-44': (2200, 5.0), 'all votes': (20721, 5.2), u'females aged 45+': (442, 4.1), u'males': (13644, 5.2), u'aged 18-29': (4844, 5.6), u'males under 18': (8, 9.3), u'males aged 18-29': (3345, 5.6), u'males aged 30-44': (8261, 5.2), u'non-us users': (11916, 5.2), u'females aged 18-29': (1448, 5.5), u'us users': (3200, 4.8), u'aged under 18': (8, 9.3), u'top 1000 voters': (307, 4.5), u'males aged 45+': (1648, 4.4)}","[u'Argentina:13', u'Australia:PG::(some episodes)', u'Australia:M::(some episodes)', u'Canada:G::(Quebec)', u'Germany:12', u'Netherlands:6', u'New Zealand:M', u'Norway:11::(2008) (DVD rating)', u'USA:TV-PG']",,,[u'Color'],,
producer,video movie,Baywatch: White Thunder at Glacier Bay,1998,[u'107'],"[u'Action', u'Adventure']","In this wrap-up to the 1997-98 season of Baywatch, L.A. lifeguards Mitch, Cody, and Mitch's son Hobie...",5.2,178,"{1: 26, 2: 13, 3: 11, 4: 24, 5: 18, 6: 16, 7: 14, 8: 9, 9: 2, 10: 45}","{u'aged 45+': (18, 5.2), u'aged 30-44': (83, 4.6), u'females': (25, 5.7), u'females aged 30-44': (16, 5.4), 'all votes': (178, 5.2), u'females aged 45+': (4, 6.0), u'males': (106, 5.2), u'males aged 18-29': (23, 7.0), u'aged 18-29': (26, 6.8), u'males aged 30-44': (65, 4.5), u'non-us users': (79, 4.7), u'females aged 18-29': (3, 6.0), u'us users': (38, 5.4), u'top 1000 voters': (15, 4.9), u'males aged 45+': (14, 5.4)}",[u'USA:PG'],,"Rated PG for violence, and for some sensuality and language",[u'Color'],,
producer,tv series,Baywatch Nights,1995,[u'60::(44 episodes)'],"[u'Action', u'Drama']","In this Baywatch spin-off, Mitch Buchannon, the reliable Los Angeles lifeguard, moonlights as a private detective who investigates and solves crimes...",3.9,1041,"{1: 223, 2: 116, 3: 144, 4: 145, 5: 112, 6: 71, 7: 43, 8: 30, 9: 23, 10: 134}","{u'aged 45+': (139, 3.6), u'aged 30-44': (584, 3.6), u'females': (155, 4.3), u'females aged 30-44': (85, 4.0), 'all votes': (1041, 3.9), u'females aged 45+': (30, 4.4), u'males': (738, 3.7), u'males aged 18-29': (112, 4.9), u'aged 18-29': (150, 4.9), u'males aged 30-44': (496, 3.6), u'non-us users': (570, 3.6), u'females aged 18-29': (36, 4.8), u'us users': (220, 4.0), u'top 1000 voters': (64, 3.4), u'males aged 45+': (106, 3.4)}","[u'Australia:M', u'USA:TV-PG']",,,[u'Color'],,
producer,video movie,Baywatch: Forbidden Paradise,1995,"[u'UK:94', u'USA:90']","[u'Action', u'Drama']","Baywatch lifeguards Mitch, C.J., Stephanie, Caroline, Matt and Logan travel to Ohau, Hawaii for a much...",5.0,437,"{1: 68, 2: 21, 3: 36, 4: 46, 5: 63, 6: 33, 7: 27, 8: 23, 9: 11, 10: 109}","{u'aged 45+': (43, 4.8), u'aged 30-44': (163, 4.6), u'females': (46, 6.2), u'females aged 30-44': (23, 6.3), 'all votes': (437, 5.0), u'females aged 45+': (7, 2.7), u'males': (224, 4.7), u'males aged 18-29': (46, 5.5), u'aged 18-29': (59, 5.9), u'males aged 30-44': (138, 4.3), u'non-us users': (162, 4.7), u'females aged 18-29': (13, 7.2), u'us users': (74, 4.9), u'top 1000 voters': (33, 4.1), u'males aged 45+': (36, 5.1)}","[u'Australia:PG', u'USA:PG']",,"Rated PG for sensuality, mild action and language",[u'Color'],,
producer,video movie,David Hasselhoff Live & Forever,1990,[u'Germany:105'],[u'Music'],,6.5,13,"{1: 3, 2: 1, 3: 1, 4: 0, 5: 0, 6: 1, 7: 0, 8: 0, 9: 0, 10: 7}","{u'males aged 30-44': (6, 5.4), u'females': (1, 10.0), u'females aged 30-44': (1, 10.0), 'all votes': (13, 6.5), u'males': (12, 6.0), u'males aged 18-29': (4, 5.8), u'aged 18-29': (4, 5.8), u'aged 30-44': (7, 5.5), u'non-us users': (8, 5.7), u'aged 45+': (2, 8.0), u'us users': (4, 6.8), u'top 1000 voters': (2, 8.0), u'males aged 45+': (2, 8.0)}",,,,[u'Color'],,
producer,video movie,"W.B., Blue and the Bean",1989,"[u'87', u'Germany:90']","[u'Action', u'Comedy', u'Crime', u'Thriller']",A trio of hapless bounty hunters are recruited by a shady bail bondsman to try to keep a witness in drug trial alive to testify.,4.7,379,"{1: 46, 2: 25, 3: 50, 4: 60, 5: 47, 6: 32, 7: 29, 8: 25, 9: 9, 10: 56}","{u'aged 45+': (111, 4.4), u'aged 30-44': (166, 4.8), u'females': (15, 4.6), u'females aged 30-44': (8, 5.2), 'all votes': (379, 4.7), u'females aged 45+': (6, 4.1), u'males': (287, 4.7), u'males aged 18-29': (21, 5.4), u'aged 18-29': (23, 5.4), u'males aged 30-44': (156, 4.9), u'non-us users': (155, 4.8), u'females aged 18-29': (1, 10.0), u'us users': (137, 4.5), u'top 1000 voters': (50, 4.5), u'males aged 45+': (105, 4.4)}","[u'Iceland:12', u'UK:15', u'USA:R', u'West Germany:12::(f) (cut)']",,,[u'Color'],,
writer,tv series,Hoff the Record,2015,,[u'Comedy'],30 years after rising to fame with Knight Rider and Baywatch the series follows The Hoff as he moves to the UK to get his career back on track and make sense of his increasingly surreal life.,6.9,252,"{1: 11, 2: 8, 3: 2, 4: 9, 5: 8, 6: 26, 7: 52, 8: 58, 9: 19, 10: 59}","{u'aged 45+': (37, 7.2), u'aged 30-44': (111, 6.7), u'females': (28, 6.4), u'females aged 30-44': (12, 6.7), 'all votes': (252, 6.9), u'females aged 45+': (5, 7.1), u'males': (162, 6.8), u'males aged 18-29': (26, 6.8), u'aged 18-29': (34, 6.3), u'males aged 30-44': (98, 6.6), u'non-us users': (131, 6.8), u'females aged 18-29': (8, 4.7), u'us users': (22, 5.5), u'top 1000 voters': (10, 5.0), u'males aged 45+': (30, 7.0)}",,,,[u'Color'],,
writer,tv series,Baywatch Nights,1995,[u'60::(44 episodes)'],"[u'Action', u'Drama']","In this Baywatch spin-off, Mitch Buchannon, the reliable Los Angeles lifeguard, moonlights as a private detective who investigates and solves crimes...",3.9,1041,"{1: 223, 2: 116, 3: 144, 4: 145, 5: 112, 6: 71, 7: 43, 8: 30, 9: 23, 10: 134}","{u'aged 45+': (139, 3.6), u'aged 30-44': (584, 3.6), u'females': (155, 4.3), u'females aged 30-44': (85, 4.0), 'all votes': (1041, 3.9), u'females aged 45+': (30, 4.4), u'males': (738, 3.7), u'males aged 18-29': (112, 4.9), u'aged 18-29': (150, 4.9), u'males aged 30-44': (496, 3.6), u'non-us users': (570, 3.6), u'females aged 18-29': (36, 4.8), u'us users': (220, 4.0), u'top 1000 voters': (64, 3.4), u'males aged 45+': (106, 3.4)}","[u'Australia:M', u'USA:TV-PG']",,,[u'Color'],,
actor,movie,American Paradise,,"[u'110', u'USA:105']","[u'Action', u'Drama']","Paradi$e is a compelling, uplifting, contemporary drama that centers on a Hollywood family falling apart and mending itself back together...",,,,,,,,[u'Color'],,
actor,movie,Power Play,,,[u'Action'],"In the vein of TRUE ROMANCE, this fast paced thriller pits two young hustlers against a RIVAL BOSS to their employer...",,,,,[u'USA:R::(self-applied)'],,,[u'Color'],,
actor,video movie,Guardians of the Galaxy: Inferno,2017,[u'4'],"[u'Short', u'Comedy', u'Music']","A Guardians of the Galaxy video, the Guardians Inferno, featuring 80s pop star Zardu Hasselfrau.",8.7,345,"{1: 5, 2: 3, 3: 1, 4: 5, 5: 6, 6: 11, 7: 27, 8: 51, 9: 77, 10: 159}","{u'aged 45+': (19, 8.6), u'aged 30-44': (97, 8.3), u'females': (19, 9.1), u'females aged 30-44': (5, 8.3), 'all votes': (345, 8.7), u'females aged 45+': (2, 5.5), u'males': (234, 8.6), u'males aged 18-29': (101, 8.6), u'males under 18': (11, 9.6), u'aged 18-29': (109, 8.7), u'males aged 30-44': (91, 8.3), u'non-us users': (136, 8.4), u'females aged 18-29': (7, 9.7), u'us users': (57, 8.7), u'females under 18': (1, 9.0), u'aged under 18': (12, 9.5), u'top 1000 voters': (19, 7.2), u'males aged 45+': (17, 8.9)}",,,,[u'Color'],,
actor,tv series,Nightcap,2016,[u'21::(excluding commercials)'],[u'Comedy'],"Insanity, absurdity and urgency reign, and it's up to head talent booker Staci (Ali Wentworth) to wrangle both her dysfunctional staff and the myriad of stars who bring their quirks, diva demands and peculiar antics to the set.",5.5,217,"{1: 25, 2: 16, 3: 11, 4: 7, 5: 20, 6: 20, 7: 27, 8: 28, 9: 20, 10: 43}","{u'aged 45+': (44, 6.0), u'aged 30-44': (80, 5.5), u'females': (63, 5.8), u'females aged 30-44': (26, 5.9), 'all votes': (217, 5.5), u'females aged 45+': (21, 5.7), u'males': (100, 5.5), u'males aged 18-29': (16, 4.6), u'aged 18-29': (27, 4.9), u'males aged 30-44': (52, 5.6), u'non-us users': (49, 4.9), u'females aged 18-29': (11, 5.4), u'us users': (74, 6.2), u'top 1000 voters': (15, 3.9), u'males aged 45+': (23, 6.3)}",[u'USA:TV-PG'],,,[u'Color'],,
actor,tv series,Logan Paul Summer Saga,2017,,[u'Comedy'],"Join The Rock, Logan Paul, Desiigner, David Hasselhoff, and Seven Bucks Digital Studios on the journey that created the masterpiece that is ""The Song of the Summer"".",4.1,26,"{1: 15, 2: 0, 3: 0, 4: 1, 5: 1, 6: 0, 7: 1, 8: 2, 9: 0, 10: 6}","{u'aged 30-44': (1, 4.0), u'females': (2, 8.5), 'all votes': (26, 4.1), u'males': (8, 3.4), u'aged 18-29': (6, 4.9), u'males under 18': (2, 1.0), u'males aged 18-29': (4, 3.8), u'males aged 30-44': (1, 4.0), u'non-us users': (2, 1.0), u'females aged 18-29': (2, 8.5), u'us users': (4, 6.0), u'aged under 18': (2, 1.0), u'top 1000 voters': (3, 5.3)}",,,,[u'Color'],,
actor,tv series,Seven Bucks Digital Studios,2016,[u'11'],[u'Short'],"The official YouTube channel for Dwayne ""The Rock"" Johnson and Seven Bucks Digital Studios. New videos every Tuesday.",4.6,35,"{1: 13, 2: 3, 3: 1, 4: 3, 5: 2, 6: 3, 7: 0, 8: 0, 9: 2, 10: 8}","{u'aged 45+': (4, 1.8), u'imdb staff': (1, 10.0), u'aged 30-44': (5, 4.1), u'females': (4, 3.2), 'all votes': (35, 4.6), u'females aged 45+': (2, 2.5), u'males': (20, 4.4), u'males aged 18-29': (9, 5.2), u'aged 18-29': (11, 4.9), u'males aged 30-44': (5, 4.1), u'non-us users': (8, 4.0), u'females aged 18-29': (2, 4.0), u'us users': (7, 2.5), u'top 1000 voters': (5, 4.5), u'males aged 45+': (2, 1.0)}",,,,[u'Color'],,
actor,movie,Baywatch,2017,"[u'116', u'121::(Extended Cut)']","[u'Action', u'Comedy', u'Crime']","Devoted lifeguard Mitch Buchannon butts heads with a brash new recruit, as they uncover a criminal plot that threatens the future of the bay.",5.6,71599,"{1: 3323, 2: 2180, 3: 3723, 4: 6219, 5: 12634, 6: 17881, 7: 12777, 8: 5764, 9: 2076, 10: 5022}","{u'aged 45+': (3324, 5.2), u'imdb staff': (8, 6.0), u'aged 30-44': (19818, 5.4), u'females': (9184, 5.8), u'females aged 30-44': (2609, 5.6), 'all votes': (71599, 5.6), u'females aged 45+': (446, 5.6), u'males': (44231, 5.5), u'males aged 18-29': (19651, 5.7), u'males under 18': (521, 6.2), u'aged 18-29': (24839, 5.7), u'males aged 30-44': (16957, 5.4), u'non-us users': (29719, 5.5), u'females aged 18-29': (4947, 5.9), u'us users': (7686, 5.5), u'females under 18': (188, 7.0), u'aged under 18': (714, 6.4), u'top 1000 voters': (258, 4.5), u'males aged 45+': (2814, 5.2)}","[u'Argentina:16', u'Australia:MA15+', u'Austria:14', u'Brazil:14', u'Canada:14A::(British Columbia)', u'Chile:14', u'Denmark:11', u'Finland:K-12', u'France:Tous publics', u'Germany:12', u'Greece:K-15', u'Hong Kong:IIB', u'Indonesia:21+', u'Ireland:15A', u'Malaysia:18', u'Mexico:B', u'Netherlands:12', u'New Zealand:R13', u'Norway:12', u'Philippines:R-16', u'Portugal:M/14', u'Singapore:M18', u'South Korea:18', u'Spain:16', u'Sweden:11', u'Switzerland:12', u'Taiwan:R-12', u'Thailand:18', u'UK:15', u'USA:R::(certificate #50688)']",37,"Rated R for language throughout, crude sexual content, and graphic nudity",[u'Color'],,
actor,movie,It's No Game,2017,,"[u'Short', u'Sci-Fi']","With a possible screenwriters strike looming, they should beware as Benjamin a self-named artificial intelligence bot might just take their jobs.",6.6,9,"{1: 0, 2: 1, 3: 0, 4: 0, 5: 2, 6: 2, 7: 1, 8: 1, 9: 0, 10: 2}","{u'aged 30-44': (2, 3.5), u'females': (1, 10.0), 'all votes': (9, 6.6), u'males': (5, 5.4), u'males aged 18-29': (3, 8.0), u'aged 18-29': (4, 8.5), u'males aged 30-44': (2, 3.5), u'females aged 18-29': (1, 10.0), u'us users': (3, 7.3), u'non-us users': (2, 5.5)}",,,,[u'Color'],,
actor,movie,Guardians of the Galaxy Vol. 2,2017,[u'136'],"[u'Action', u'Adventure', u'Sci-Fi']",The Guardians must fight to keep their newfound family together as they unravel the mystery of Peter Quill's true parentage.,7.8,277886,"{1: 2340, 2: 915, 3: 1512, 4: 2959, 5: 7193, 6: 21669, 7: 56495, 8: 84533, 9: 55905, 10: 44365}","{u'aged 45+': (15017, 7.8), u'imdb staff': (34, 8.0), u'aged 30-44': (76305, 7.7), u'females': (32598, 8.1), u'females aged 30-44': (9923, 8.0), 'all votes': (277886, 7.8), u'females aged 45+': (2211, 8.2), u'males': (173271, 7.8), u'males aged 18-29': (76194, 7.8), u'males under 18': (1835, 8.2), u'aged 18-29': (93659, 7.8), u'males aged 30-44': (65237, 7.7), u'non-us users': (108059, 7.7), u'females aged 18-29': (16469, 8.1), u'us users': (35540, 7.9), u'females under 18': (413, 8.4), u'aged under 18': (2263, 8.2), u'top 1000 voters': (446, 7.5), u'males aged 45+': (12531, 7.7)}","[u'Argentina:13', u'Australia:M', u'Austria:12', u'Brazil:12', u'Canada:PG::(British Columbia)', u'Canada:G::(Qu\xe9bec)', u'Chile:TE', u'France:Tous publics', u'Germany:12', u'Hong Kong:IIA', u'Hungary:12', u'Ireland:12A', u'Japan:G', u'Malaysia:P13', u'Mexico:B', u'Netherlands:12', u'Norway:12', u'Philippines:PG-13', u'Portugal:M/12', u'Russia:16+', u'Singapore:PG13', u'South Korea:12', u'Sweden:11', u'Switzerland:12', u'Taiwan:R-12', u'Thailand:G', u'UK:12A', u'USA:PG-13::(certificate #50971)']",67,"Rated PG-13 for sequences of sci-fi action and violence, language, and brief suggestive content",[u'Color::(ACES)'],,
actor,video movie,F.A.C.T.S,2016,,[u'Short'],,,,,{},,,,,,
actor,video game,Call of Duty: Infinite Warfare,2016,,"[u'Action', u'Adventure', u'Sci-Fi', u'War']","Returns to the roots of the franchise where large-scale war and cinematic, immersive military storytelling take center stage.",6.3,1417,"{1: 235, 2: 45, 3: 58, 4: 64, 5: 116, 6: 115, 7: 180, 8: 221, 9: 115, 10: 268}","{u'aged 45+': (46, 6.2), u'aged 30-44': (275, 6.7), u'females': (33, 3.5), u'females aged 30-44': (16, 3.6), 'all votes': (1417, 6.3), u'females aged 45+': (4, 4.2), u'males': (842, 6.5), u'aged 18-29': (395, 6.3), u'males under 18': (32, 5.9), u'males aged 18-29': (383, 6.4), u'males aged 30-44': (257, 6.8), u'non-us users': (357, 6.6), u'females aged 18-29': (9, 2.9), u'us users': (219, 6.0), u'aged under 18': (33, 6.1), u'top 1000 voters': (39, 4.3), u'males aged 45+': (41, 6.5)}","[u'Australia:MA15+::(2016)', u'Germany:18', u'Japan:Z::(CERO)', u'Singapore:M18', u'South Korea:18', u'UK:18', u'USA:M']",,,[u'Color'],,
actor,tv movie,Sharknado 4: The 4th Awakens,2016,[u'95'],"[u'Comedy', u'Horror', u'Sci-Fi']","Fin, his family and the cosmos have been blissfully sharknado-free in the five years since the most recent attack, but now sharks and tornadoes are being whipped up in unexpected ways and places.",4.0,4731,"{1: 826, 2: 555, 3: 613, 4: 647, 5: 641, 6: 404, 7: 284, 8: 199, 9: 89, 10: 473}","{u'aged 45+': (675, 4.3), u'aged 30-44': (1707, 4.0), u'females': (490, 4.3), u'females aged 30-44': (181, 4.3), 'all votes': (4731, 4.0), u'females aged 45+': (93, 5.0), u'males': (3239, 4.0), u'males aged 18-29': (902, 3.9), u'males under 18': (36, 3.9), u'aged 18-29': (1062, 3.9), u'males aged 30-44': (1511, 3.9), u'non-us users': (1992, 3.7), u'females aged 18-29': (150, 3.9), u'us users': (957, 4.5), u'females under 18': (2, 2.0), u'aged under 18': (39, 3.8), u'top 1000 voters': (142, 4.0), u'males aged 45+': (572, 4.3)}","[u'Australia:MA15+', u'Canada:PG::(Manitoba)', u'Canada:14A::(Ontario)', u'Canada:13+::(Quebec)', u'Finland:K-16/13', u'Germany:16', u'Ireland:15', u'Netherlands:16', u'Poland:16', u'Singapore:NC16', u'Singapore:PG13::(edited TV version)', u'South Korea:15::(2017)', u'Sweden:15', u'UK:15', u'USA:TV-14']",,,[u'Color'],,
actor,tv series,TripTank,2014,,"[u'Animation', u'Comedy']","The sickest, most twisted animated shorts ever put on television.",6.3,911,"{1: 160, 2: 24, 3: 26, 4: 28, 5: 41, 6: 71, 7: 120, 8: 144, 9: 88, 10: 209}","{u'aged 45+': (73, 6.4), u'aged 30-44': (276, 6.0), u'females': (105, 6.6), u'females aged 30-44': (25, 5.6), 'all votes': (911, 6.3), u'females aged 45+': (10, 5.8), u'males': (621, 6.4), u'aged 18-29': (326, 6.9), u'males aged 18-29': (265, 6.8), u'males aged 30-44': (246, 6.0), u'non-us users': (316, 6.6), u'females aged 18-29': (61, 7.3), u'us users': (210, 5.9), u'females under 18': (1, 1.0), u'aged under 18': (1, 1.0), u'top 1000 voters': (30, 4.4), u'males aged 45+': (62, 6.5)}","[u'Germany:16::(TV rating)', u'Netherlands:12', u'Spain:18::(cable rating)', u'USA:TV-MA::(cable rating)']",,,[u'Color'],,
actor,tv movie,Last Night a DJ Saved My Life,2016,[u'UK:90'],[u'Musical'],David Hasselhoff (Baywatch) is a die-hard thrill-seeker and Ibiza's top 80's DJ. Clueless to the fact that a new decade has dawned - disco is out...,7.0,6,"{1: 2, 2: 0, 3: 0, 4: 0, 5: 0, 6: 0, 7: 0, 8: 0, 9: 0, 10: 4}","{u'males aged 30-44': (1, 10.0), 'all votes': (6, 7.0), u'males': (3, 7.0), u'males aged 18-29': (2, 5.5), u'aged 18-29': (2, 5.5), u'aged 30-44': (1, 10.0), u'non-us users': (1, 10.0)}",[u'USA:TV-PG'],,,[u'Color'],,
actor,movie,Alleluia! The Devil's Carnival,2016,[u'97'],"[u'Horror', u'Musical']",Lucifer and his carnies are plotting against Heaven. This is how the war begins.,7.0,396,"{1: 26, 2: 7, 3: 9, 4: 9, 5: 22, 6: 32, 7: 56, 8: 53, 9: 33, 10: 149}","{u'aged 45+': (31, 5.6), u'aged 30-44': (136, 6.8), u'females': (128, 8.0), u'females aged 30-44': (52, 8.5), 'all votes': (396, 7.0), u'females aged 45+': (6, 7.9), u'males': (181, 6.5), u'aged 18-29': (133, 7.5), u'males under 18': (1, 10.0), u'males aged 18-29': (70, 7.4), u'males aged 30-44': (83, 6.2), u'non-us users': (89, 6.2), u'females aged 18-29': (62, 7.4), u'us users': (144, 7.6), u'aged under 18': (2, 10.0), u'top 1000 voters': (21, 5.1), u'males aged 45+': (22, 4.7)}",,,,[u'Color'],,
actor,tv series,Hoff the Record,2015,,[u'Comedy'],30 years after rising to fame with Knight Rider and Baywatch the series follows The Hoff as he moves to the UK to get his career back on track and make sense of his increasingly surreal life.,6.9,252,"{1: 11, 2: 8, 3: 2, 4: 9, 5: 8, 6: 26, 7: 52, 8: 58, 9: 19, 10: 59}","{u'aged 45+': (37, 7.2), u'aged 30-44': (111, 6.7), u'females': (28, 6.4), u'females aged 30-44': (12, 6.7), 'all votes': (252, 6.9), u'females aged 45+': (5, 7.1), u'males': (162, 6.8), u'males aged 18-29': (26, 6.8), u'aged 18-29': (34, 6.3), u'males aged 30-44': (98, 6.6), u'non-us users': (131, 6.8), u'females aged 18-29': (8, 4.7), u'us users': (22, 5.5), u'top 1000 voters': (10, 5.0), u'males aged 45+': (30, 7.0)}",,,,[u'Color'],,
actor,tv movie,Sharknado 3: Oh Hell No!,2015,[u'93'],"[u'Comedy', u'Horror', u'Sci-Fi']","A monstrous tornado unleashes ravenous sharks from Washington, D.C., all the way down to Orlando, Florida.",4.2,9012,"{1: 1510, 2: 928, 3: 1133, 4: 1267, 5: 1204, 6: 870, 7: 632, 8: 352, 9: 179, 10: 937}","{u'aged 45+': (1207, 4.4), u'imdb staff': (1, 7.0), u'aged 30-44': (3263, 4.1), u'females': (1029, 4.3), u'females aged 30-44': (383, 4.3), 'all votes': (9012, 4.2), u'females aged 45+': (177, 5.3), u'males': (6124, 4.1), u'males aged 18-29': (1873, 4.1), u'males under 18': (59, 3.6), u'aged 18-29': (2269, 4.1), u'males aged 30-44': (2844, 4.1), u'non-us users': (3781, 3.9), u'females aged 18-29': (371, 3.9), u'us users': (1862, 4.5), u'females under 18': (11, 2.6), u'aged under 18': (71, 3.5), u'top 1000 voters': (209, 4.1), u'males aged 45+': (1010, 4.3)}","[u'Australia:MA15+', u'Canada:14A::(Manitoba/Nova Scotia/Ontario)', u'Canada:13+::(Quebec)', u'Finland:K-16/13', u'Germany:16', u'Ireland:15', u'Netherlands:16', u'New Zealand:R13', u'Poland:16', u'Singapore:NC16', u'Singapore:PG13::(edited TV version)', u'South Korea:15', u'Sweden:15', u'UK:15', u'USA:TV-14']",,,[u'Color'],,
actor,movie,Kung Fury,2015,[u'31'],"[u'Short', u'Action', u'Comedy', u'Fantasy', u'Sci-Fi']","In 1985, Kung Fury, the toughest martial artist cop in Miami, goes back in time to kill the worst criminal of all time - kung fuhrer Hitler.",8.1,46440,"{1: 528, 2: 291, 3: 424, 4: 572, 5: 1161, 6: 2757, 7: 6556, 8: 11442, 9: 9500, 10: 13209}","{u'aged 45+': (1969, 7.9), u'imdb staff': (3, 8.7), u'aged 30-44': (17002, 8.0), u'females': (2697, 8.0), u'females aged 30-44': (932, 8.1), 'all votes': (46440, 8.1), u'females aged 45+': (129, 7.5), u'males': (35273, 8.1), u'males aged 18-29': (15588, 8.1), u'males under 18': (211, 8.0), u'aged 18-29': (17284, 8.1), u'males aged 30-44': (15844, 8.0), u'non-us users': (23496, 8.0), u'females aged 18-29': (1477, 8.0), u'us users': (5266, 8.0), u'females under 18': (18, 6.9), u'aged under 18': (230, 7.9), u'top 1000 voters': (242, 7.3), u'males aged 45+': (1788, 7.9)}","[u'Australia:MA15+::(2016)', u'Greece:K-12', u'Netherlands:16', u'Singapore:NC16', u'South Korea:18::(2016)', u'USA:Not Rated']",,,[u'Color'],,
actor,tv series,The Project,2011,[u'60'],"[u'Comedy', u'News']",A panel of Australian personalities taking a new modern and slightly funny look at the news,5.2,188,"{1: 69, 2: 10, 3: 5, 4: 7, 5: 10, 6: 17, 7: 14, 8: 13, 9: 13, 10: 30}","{u'aged 45+': (18, 6.3), u'aged 30-44': (49, 4.2), u'females': (28, 6.1), u'females aged 30-44': (5, 7.7), 'all votes': (188, 5.2), u'females aged 45+': (3, 6.7), u'males': (109, 5.1), u'aged 18-29': (62, 5.9), u'males under 18': (2, 1.0), u'males aged 18-29': (42, 6.1), u'males aged 30-44': (44, 4.1), u'non-us users': (99, 5.4), u'females aged 18-29': (19, 5.3), u'us users': (14, 3.5), u'aged under 18': (2, 1.0), u'top 1000 voters': (9, 3.4), u'males aged 45+': (15, 5.9)}",,,,[u'Color'],,
actor,tv series,Robot Chicken,2001,[u'USA:11::(excluding commercials)'],"[u'Animation', u'Comedy']",Pop culture references fly thick and fast as stop-motion animation is featured in sketches lampooning everything from television movies to comic books.,7.8,35018,"{1: 1134, 2: 333, 3: 419, 4: 576, 5: 1096, 6: 2409, 7: 6014, 8: 9467, 9: 5868, 10: 7702}","{u'aged 45+': (2182, 7.6), u'imdb staff': (4, 7.8), u'aged 30-44': (14295, 7.8), u'females': (4288, 7.6), u'females aged 30-44': (1781, 7.7), 'all votes': (35018, 7.8), u'females aged 45+': (328, 7.3), u'males': (26263, 7.9), u'males aged 18-29': (11047, 7.9), u'males under 18': (96, 7.9), u'aged 18-29': (13133, 7.9), u'males aged 30-44': (12401, 7.9), u'non-us users': (12555, 7.8), u'females aged 18-29': (1985, 7.5), u'us users': (13139, 7.8), u'females under 18': (18, 7.8), u'aged under 18': (115, 7.9), u'top 1000 voters': (226, 6.6), u'males aged 45+': (1816, 7.7)}","[u'Argentina:13', u'Australia:MA15+', u'Australia:M::(some episodes)', u'Canada:14A', u'Canada:18A::(Manitoba) (season 3) (DVD rating)', u'Canada:PG::(Nova Scotia) (seasons 2 and 3) (DVD rating)', u'Canada:13+::(Quebec)', u'Germany:16', u'Netherlands:12', u'New Zealand:M', u'New Zealand:R16::(DVD rating)', u'Spain:18::(cable rating)', u'UK:15', u'USA:TV-MA', u'USA:TV-14::(some episodes)']",,,[u'Color'],,
actor,tv movie,The Christmas Consultant,2012,[u'88'],[u'Comedy'],A sought-after holiday consultant is hired by a workaholic mother to get her family through the holidays.,5.4,344,"{1: 33, 2: 30, 3: 16, 4: 36, 5: 53, 6: 55, 7: 35, 8: 28, 9: 10, 10: 48}","{u'aged 45+': (103, 5.2), u'imdb staff': (1, 10.0), u'aged 30-44': (122, 5.2), u'females': (126, 5.5), u'females aged 30-44': (49, 5.2), 'all votes': (344, 5.4), u'females aged 45+': (44, 5.8), u'males': (159, 5.1), u'aged 18-29': (44, 5.3), u'males under 18': (1, 10.0), u'males aged 18-29': (19, 5.8), u'males aged 30-44': (71, 5.2), u'non-us users': (120, 4.8), u'females aged 18-29': (24, 5.0), u'us users': (104, 5.3), u'aged under 18': (1, 10.0), u'top 1000 voters': (20, 5.9), u'males aged 45+': (59, 4.8)}","[u'Germany:0', u'USA:Not Rated']",,,[u'Color'],,
actor,movie,Keith Lemon: The Film,2012,[u'85'],[u'Comedy'],"Keith Lemon () is preparing to take his invention, the securipole, which he has been attempting to lift off the ground for twenty years...",2.6,3743,"{1: 1622, 2: 541, 3: 436, 4: 277, 5: 267, 6: 164, 7: 106, 8: 55, 9: 44, 10: 231}","{u'aged 45+': (334, 2.7), u'imdb staff': (1, 6.0), u'aged 30-44': (1296, 2.7), u'females': (406, 2.9), u'females aged 30-44': (142, 2.5), 'all votes': (3743, 2.6), u'females aged 45+': (27, 3.2), u'males': (2729, 2.6), u'aged 18-29': (1251, 2.6), u'males under 18': (4, 2.5), u'males aged 18-29': (1051, 2.5), u'males aged 30-44': (1145, 2.7), u'non-us users': (2236, 2.6), u'females aged 18-29': (193, 3.1), u'us users': (84, 2.6), u'aged under 18': (4, 2.5), u'top 1000 voters': (67, 2.9), u'males aged 45+': (304, 2.7)}","[u'Australia:MA15+', u'Germany:16', u'Ireland:16', u'Ireland:18::(uncut DVD version)', u'UK:15', u'UK:18::(uncut DVD version)']",,,[u'Color'],,
actor,movie,Piranha 3DD,2012,[u'83'],"[u'Comedy', u'Horror']","After the events at Lake Victoria, the pre-historic school of blood-thirsty piranhas make their way into a newly opened waterpark.",3.8,34158,"{1: 5892, 2: 4726, 3: 5493, 4: 5528, 5: 4717, 6: 3009, 7: 1726, 8: 932, 9: 358, 10: 1777}","{u'aged 45+': (2465, 3.8), u'imdb staff': (1, 4.0), u'aged 30-44': (13691, 3.8), u'females': (3503, 3.5), u'females aged 30-44': (1209, 3.6), 'all votes': (34158, 3.8), u'females aged 45+': (226, 3.5), u'males': (26646, 3.8), u'males aged 18-29': (11045, 3.7), u'males under 18': (58, 3.8), u'aged 18-29': (13050, 3.7), u'males aged 30-44': (12330, 3.8), u'non-us users': (19176, 3.7), u'females aged 18-29': (1882, 3.4), u'us users': (4575, 4.1), u'females under 18': (10, 4.7), u'aged under 18': (68, 3.9), u'top 1000 voters': (349, 4.0), u'males aged 45+': (2196, 3.9)}","[u'Australia:MA15+', u'Canada:18A::(Alberta/British Columbia/Manitoba/Ontario)', u'Canada:16+::(Quebec)', u'Finland:K-18', u'Germany:18', u'India:A', u'Ireland:18', u'Japan:R18+', u'Malaysia:(Banned)', u'Netherlands:16', u'New Zealand:R18', u'Philippines:R-13', u'Portugal:M/16', u'Russia:18+', u'Singapore:M18', u'South Korea:18', u'Sweden:15', u'UK:18', u'USA:R']",24,"Rated R for sequences of strong bloody horror violence and gore, graphic nudity, sexual content, language and some drug use",[u'Color'],,
actor,video movie,The Carlton Dance,2012,[u'5'],"[u'Short', u'Comedy']",A music video starring over 30 celebrities doing the 'Carlton Dance'.,4.9,20,"{1: 3, 2: 2, 3: 2, 4: 1, 5: 5, 6: 2, 7: 2, 8: 0, 9: 0, 10: 3}","{u'aged 45+': (2, 7.5), u'aged 30-44': (10, 4.8), u'females': (4, 4.5), 'all votes': (20, 4.9), u'males': (10, 5.4), u'females aged 30-44': (2, 6.5), u'aged 18-29': (2, 2.5), u'males aged 30-44': (8, 5.0), u'non-us users': (6, 4.9), u'females aged 18-29': (2, 2.5), u'us users': (6, 4.0), u'top 1000 voters': (5, 6.3), u'males aged 45+': (2, 7.5)}",,,,[u'Color'],,
actor,video movie,LMFAO: Sorry for Party Rocking,2012,,"[u'Short', u'Comedy', u'Music', u'Musical']",Redfoo and Sky Blu throw a house party for the ages. Causing all the town folks to get in the mix.,7.7,73,"{1: 3, 2: 3, 3: 0, 4: 4, 5: 6, 6: 5, 7: 5, 8: 8, 9: 12, 10: 27}","{u'aged 45+': (3, 7.0), u'aged 30-44': (24, 6.3), u'females': (13, 7.4), u'females aged 30-44': (5, 6.7), 'all votes': (73, 7.7), u'males': (51, 7.1), u'aged 18-29': (35, 8.2), u'males under 18': (2, 3.5), u'males aged 18-29': (25, 8.3), u'males aged 30-44': (19, 6.2), u'non-us users': (42, 7.2), u'females aged 18-29': (8, 7.7), u'us users': (9, 5.2), u'aged under 18': (2, 3.5), u'top 1000 voters': (8, 6.9), u'males aged 45+': (3, 7.0)}",,,,[u'Color'],,
actor,tv series,Rally On,2011,[u'USA:23'],[u'Reality-TV'],An exclusive look inside the action-packed Gumball 3000 Super Car Rally.,8.2,6,"{1: 1, 2: 0, 3: 0, 4: 0, 5: 0, 6: 0, 7: 0, 8: 1, 9: 0, 10: 4}","{u'males aged 30-44': (2, 9.0), u'us users': (1, 10.0), 'all votes': (6, 8.2), u'males': (4, 9.5), u'males aged 18-29': (1, 10.0), u'aged 18-29': (1, 10.0), u'aged 30-44': (2, 9.0), u'non-us users': (1, 10.0), u'aged 45+': (1, 10.0), u'top 1000 voters': (1, 8.0), u'males aged 45+': (1, 10.0)}",,,,[u'Color'],,
actor,movie,Fuga de cerebros 2,2011,[u'106'],"[u'Comedy', u'Romance']",The brainless teenagers form Brain Drain are back and this time they will be going to the Veterinary Faculty at Harvard University.,4.6,743,"{1: 54, 2: 53, 3: 71, 4: 119, 5: 167, 6: 140, 7: 75, 8: 19, 9: 13, 10: 32}","{u'aged 45+': (52, 3.7), u'aged 30-44': (346, 4.5), u'females': (63, 4.7), u'females aged 30-44': (23, 4.4), 'all votes': (743, 4.6), u'females aged 45+': (4, 6.2), u'males': (523, 4.5), u'aged 18-29': (192, 4.8), u'males aged 18-29': (154, 4.8), u'males aged 30-44': (295, 4.5), u'non-us users': (470, 4.5), u'females aged 18-29': (30, 4.9), u'us users': (7, 3.8), u'females under 18': (1, 6.0), u'aged under 18': (1, 6.0), u'top 1000 voters': (11, 3.3), u'males aged 45+': (39, 3.5)}","[u'South Korea:18::(2015)', u'Spain:16']",,,[u'Color'],,
actor,tv series,Sons of Anarchy,2008,[u'45'],"[u'Crime', u'Drama', u'Thriller']",A man in his early 30s struggles to find a balance in his life between being a new dad and his involvement in a motorcycle club.,8.6,205566,"{1: 2847, 2: 830, 3: 1099, 4: 1712, 5: 3185, 6: 6617, 7: 15987, 8: 34710, 9: 53990, 10: 84589}","{u'aged 45+': (16251, 8.3), u'imdb staff': (11, 6.8), u'aged 30-44': (70239, 8.5), u'females': (37194, 8.8), u'females aged 30-44': (15578, 8.7), 'all votes': (205566, 8.6), u'females aged 45+': (4646, 8.7), u'males': (125603, 8.5), u'males aged 18-29': (48812, 8.7), u'males under 18': (259, 8.6), u'aged 18-29': (62477, 8.7), u'males aged 30-44': (53800, 8.4), u'non-us users': (73925, 8.4), u'females aged 18-29': (13090, 8.8), u'us users': (35164, 8.6), u'females under 18': (75, 8.9), u'aged under 18': (339, 8.6), u'top 1000 voters': (354, 7.5), u'males aged 45+': (11385, 8.2)}","[u'Australia:MA15+', u'Brazil:16', u'Canada:18A', u'Canada:13+::(Qu\xe9bec)', u'Denmark:15', u'Finland:K-16', u'Germany:18', u'Iceland:16', u'Ireland:18', u'Italy:VM14', u'Mexico:C', u'Netherlands:16', u'New Zealand:R18', u'Norway:15', u'Poland:16', u'Russia:18+', u'Singapore:R21', u'South Africa:18', u'Spain:16', u'Sweden:15', u'UK:18', u'USA:TV-MA']",,,[u'Color'],,
actor,movie,Hop,2011,"[u'USA:95', u'Argentina:95']","[u'Animation', u'Adventure', u'Comedy', u'Family', u'Fantasy']","E.B., the Easter Bunny's teenage son, heads to Hollywood, determined to become a drummer in a rock 'n' roll band. In LA, he's taken in by Fred after the out-of-work slacker hits E.B. with his car.",5.5,26087,"{1: 1227, 2: 940, 3: 1649, 4: 2798, 5: 5097, 6: 5762, 7: 3587, 8: 1902, 9: 798, 10: 2327}","{u'aged 45+': (2358, 5.5), u'imdb staff': (5, 5.1), u'aged 30-44': (8931, 5.3), u'females': (6932, 6.0), u'females aged 30-44': (2284, 5.9), 'all votes': (26087, 5.5), u'females aged 45+': (506, 6.2), u'males': (15646, 5.3), u'males aged 18-29': (6590, 5.4), u'males under 18': (143, 5.2), u'aged 18-29': (10405, 5.6), u'males aged 30-44': (6574, 5.2), u'non-us users': (12907, 5.4), u'females aged 18-29': (3726, 6.0), u'us users': (4904, 5.3), u'females under 18': (70, 6.6), u'aged under 18': (215, 5.6), u'top 1000 voters': (288, 4.8), u'males aged 45+': (1821, 5.4)}","[u'Argentina:Atp', u'Australia:G', u'Canada:G::(Ontario)', u'Germany:0', u'Ireland:G', u'Japan:G', u'Malaysia:U', u'Netherlands:6', u'New Zealand:G', u'Peru:Apt', u'Philippines:G::(MTRCB)', u'Portugal:M/4::(dubbed version)', u'Portugal:M/6::(original version)', u'Singapore:PG', u'South Africa:A', u'South Korea:All', u'Spain:A/i', u'Sweden:Btl', u'Switzerland:0::(canton of Geneva)', u'Switzerland:0::(canton of Vaud)', u'UK:U', u'USA:PG::(certificate #46698)']",41,Rated PG for some mild rude humor,[u'Color'],,
actor,movie,To Live and Dine in L.A.,2011,[u'USA:8'],"[u'Short', u'Comedy']",To live and dine in L.A. It's the place to be. At least for several troubled locals and garrulous German tourists whose lives...,8.7,16,"{1: 1, 2: 0, 3: 0, 4: 0, 5: 0, 6: 1, 7: 2, 8: 0, 9: 2, 10: 10}","{u'aged 45+': (1, 10.0), u'aged 30-44': (9, 8.6), u'females': (3, 9.0), u'females aged 30-44': (2, 10.0), 'all votes': (16, 8.7), u'males': (10, 7.7), u'males aged 18-29': (1, 1.0), u'aged 18-29': (2, 4.0), u'males aged 30-44': (7, 8.6), u'non-us users': (8, 7.5), u'females aged 18-29': (1, 7.0), u'us users': (6, 9.9), u'top 1000 voters': (1, 7.0), u'males aged 45+': (1, 10.0)}",,,,[u'Black and White'],,
actor,tv series,The Young and the Restless,1973,"[u'30::(1973-1980)', u'60::(1980-)']","[u'Drama', u'Romance']","Set in Genoa City, Y&R is the long-running soap that tells the story of the struggle behind the business- and sex-savvy Abbott and Newman clans.",5.2,4770,"{1: 1046, 2: 217, 3: 172, 4: 197, 5: 328, 6: 273, 7: 339, 8: 358, 9: 281, 10: 1559}","{u'aged 45+': (970, 6.4), u'imdb staff': (1, 9.0), u'aged 30-44': (1882, 4.9), u'females': (1916, 6.5), u'females aged 30-44': (828, 6.4), 'all votes': (4770, 5.2), u'females aged 45+': (533, 7.4), u'males': (2191, 4.3), u'males aged 18-29': (657, 3.9), u'males under 18': (2, 5.5), u'aged 18-29': (1120, 4.6), u'males aged 30-44': (1046, 4.0), u'non-us users': (1823, 4.1), u'females aged 18-29': (455, 5.8), u'us users': (1555, 6.5), u'females under 18': (3, 9.7), u'aged under 18': (5, 5.0), u'top 1000 voters': (106, 4.5), u'males aged 45+': (424, 5.6)}","[u'Australia:PG', u'USA:TV-14']",,,[u'Color'],,
actor,movie,Dancing Ninja,2010,[u'98'],"[u'Action', u'Comedy', u'Crime']","An orphaned boy who dreams of being a ninja arrives in Hollywood to try and find his birth parents, where he gets mixed up in a crime.",4.4,103,"{1: 20, 2: 4, 3: 8, 4: 9, 5: 13, 6: 4, 7: 4, 8: 7, 9: 7, 10: 27}","{u'aged 45+': (12, 4.3), u'aged 30-44': (41, 4.6), u'females': (22, 3.5), u'females aged 30-44': (7, 3.9), 'all votes': (103, 4.4), u'females aged 45+': (2, 8.5), u'males': (71, 4.6), u'males aged 18-29': (23, 5.4), u'aged 18-29': (36, 4.7), u'males aged 30-44': (34, 4.7), u'non-us users': (57, 4.5), u'females aged 18-29': (12, 2.8), u'us users': (17, 3.6), u'top 1000 voters': (7, 3.6), u'males aged 45+': (10, 4.1)}",[u'USA:Not Rated'],,,[u'Color'],,
actor,video movie,Don't Hassel the Hoff,2009,,"[u'Short', u'Comedy']",,,,,{},,,,[u'Color'],,
actor,video game,Command & Conquer: Red Alert 3,2008,,"[u'Action', u'Sci-Fi']","As the Soviet Union was beginning to disillusion by the massive powers of the western world, General Krukov and Colonel Cherdenko with Dr...",7.6,1439,"{1: 50, 2: 16, 3: 17, 4: 28, 5: 43, 6: 130, 7: 280, 8: 343, 9: 196, 10: 336}","{u'aged 45+': (56, 6.9), u'aged 30-44': (653, 7.5), u'females': (33, 6.7), u'females aged 30-44': (16, 7.1), 'all votes': (1439, 7.6), u'females aged 45+': (1, 1.0), u'males': (1219, 7.7), u'males aged 18-29': (493, 7.9), u'males under 18': (3, 8.3), u'aged 18-29': (512, 7.9), u'males aged 30-44': (630, 7.5), u'non-us users': (932, 7.5), u'females aged 18-29': (15, 6.7), u'us users': (157, 7.9), u'females under 18': (1, 9.0), u'aged under 18': (4, 8.5), u'top 1000 voters': (45, 6.4), u'males aged 45+': (52, 7.1)}",,,,[u'Color'],,
actor,tv movie,Anaconda: Offspring,2008,[u'91'],"[u'Action', u'Horror', u'Sci-Fi', u'Thriller']",A mercenary-for-hire accepts a mission from a billionaire to capture a dangerous snake that could possibly help cure a terminal illness.,2.8,5939,"{1: 1755, 2: 1197, 3: 1066, 4: 614, 5: 417, 6: 202, 7: 117, 8: 67, 9: 39, 10: 465}","{u'aged 45+': (613, 3.1), u'aged 30-44': (2413, 2.6), u'females': (488, 3.2), u'females aged 30-44': (176, 2.9), 'all votes': (5939, 2.8), u'females aged 45+': (58, 3.9), u'males': (4724, 2.7), u'males aged 18-29': (1820, 2.8), u'males under 18': (9, 2.4), u'aged 18-29': (2073, 2.8), u'males aged 30-44': (2223, 2.6), u'non-us users': (3613, 2.6), u'females aged 18-29': (240, 3.2), u'us users': (927, 3.0), u'females under 18': (2, 3.0), u'aged under 18': (11, 2.3), u'top 1000 voters': (187, 3.0), u'males aged 45+': (548, 3.0)}","[u'Argentina:13', u'Australia:R18+', u'Australia:MA15+::(Cable TV rating)', u'Brazil:18', u'Brazil:14::(edited tv version)', u'Finland:K-16/13::(2012 reform rating)', u'Finland:K-18::(self applied)', u'Germany:18', u'Italy:VM14', u'Malaysia:(Banned)', u'Netherlands:16', u'New Zealand:R16', u'Portugal:M/16', u'Singapore:M18', u'Singapore:PG13::(edited TV version)', u'South Africa:18', u'South Korea:18', u'Sweden:15', u'UK:15', u'USA:R::(certificate #44414)']",,Rated R for bloody violence,[u'Color'],,
actor,tv series,Knight Rider,2008,[u'USA:60'],"[u'Adventure', u'Mystery', u'Thriller']",KITT (Knight Industries Three Thousand) is an artificially intelligent car that can hack any system...,5.7,8011,"{1: 758, 2: 330, 3: 414, 4: 518, 5: 816, 6: 959, 7: 1006, 8: 888, 9: 495, 10: 1827}","{u'aged 45+': (719, 5.4), u'imdb staff': (1, 5.0), u'aged 30-44': (3640, 5.4), u'females': (837, 6.4), u'females aged 30-44': (355, 5.8), 'all votes': (8011, 5.7), u'females aged 45+': (105, 6.1), u'males': (6151, 5.6), u'males aged 18-29': (2087, 6.3), u'males under 18': (13, 6.2), u'aged 18-29': (2447, 6.4), u'males aged 30-44': (3251, 5.3), u'non-us users': (4523, 5.6), u'females aged 18-29': (346, 7.0), u'us users': (1355, 5.5), u'females under 18': (3, 8.7), u'aged under 18': (16, 7.0), u'top 1000 voters': (120, 4.6), u'males aged 45+': (606, 5.3)}","[u'Australia:M', u'Netherlands:6', u'South Korea:15', u'USA:TV-14']",,,[u'Color'],,
actor,video game,Pain,2007,,"[u'Action', u'Comedy']",Cause as much chaos in as short a time as possible by launching an array of human cannon fodder from a giant slingshot.,7.8,22,"{1: 2, 2: 0, 3: 0, 4: 1, 5: 1, 6: 3, 7: 1, 8: 2, 9: 1, 10: 11}","{u'aged 45+': (1, 10.0), u'aged 30-44': (2, 7.0), u'females': (1, 10.0), 'all votes': (22, 7.8), u'males': (14, 7.1), u'males aged 18-29': (11, 6.6), u'aged 18-29': (13, 5.7), u'males aged 30-44': (2, 7.0), u'non-us users': (15, 7.1), u'females aged 18-29': (1, 10.0), u'top 1000 voters': (3, 5.3), u'males aged 45+': (1, 10.0)}",,,,[u'Color'],,
actor,movie,Kickin' It Old Skool,2007,"[u'USA:107', u'USA:108']",[u'Comedy'],"A young breakdancer hits his head during a talent show and slips into a coma for twenty years. Waking up in 2006, he looks to revive his and his team's career with the help of his girlfriend and his parents.",4.6,6354,"{1: 894, 2: 503, 3: 591, 4: 769, 5: 985, 6: 804, 7: 582, 8: 335, 9: 165, 10: 726}","{u'aged 45+': (591, 4.5), u'aged 30-44': (3017, 4.6), u'females': (794, 4.9), u'females aged 30-44': (331, 4.8), 'all votes': (6354, 4.6), u'females aged 45+': (97, 4.9), u'males': (4701, 4.6), u'males aged 18-29': (1470, 4.7), u'males under 18': (1, 4.0), u'aged 18-29': (1823, 4.8), u'males aged 30-44': (2661, 4.6), u'non-us users': (2726, 4.6), u'females aged 18-29': (346, 5.1), u'us users': (2464, 4.7), u'females under 18': (1, 7.0), u'aged under 18': (2, 5.5), u'top 1000 voters': (118, 3.9), u'males aged 45+': (489, 4.4)}","[u'Australia:M', u'Netherlands:AL', u'Portugal:M/12', u'USA:PG-13::(certificate #42992)']",18,Rated PG-13 for crude and sexual content and language,[u'Color'],,
actor,movie,Click,2006,[u'107'],"[u'Comedy', u'Drama', u'Fantasy', u'Romance']",A workaholic architect finds a universal remote that allows him to fast-forward and rewind to different parts of his life. Complications arise when the remote starts to overrule his choices.,6.4,264311,"{1: 5295, 2: 4574, 3: 7782, 4: 14923, 5: 30285, 6: 56125, 7: 66698, 8: 39217, 9: 16765, 10: 22647}","{u'aged 45+': (14350, 6.1), u'imdb staff': (12, 5.2), u'aged 30-44': (92381, 6.3), u'females': (44491, 6.2), u'females aged 30-44': (14462, 6.1), 'all votes': (264311, 6.4), u'females aged 45+': (2356, 6.2), u'males': (177986, 6.5), u'males aged 18-29': (82442, 6.6), u'males under 18': (414, 6.4), u'aged 18-29': (108992, 6.5), u'males aged 30-44': (77125, 6.4), u'non-us users': (136776, 6.4), u'females aged 18-29': (25683, 6.2), u'us users': (47556, 6.3), u'females under 18': (148, 6.7), u'aged under 18': (567, 6.5), u'top 1000 voters': (711, 6.1), u'males aged 45+': (11799, 6.1)}","[u'Argentina:Atp', u'Australia:M', u'Brazil:Livre', u'Finland:K-7', u'Germany:6', u'Hong Kong:IIA', u'Iceland:10::(original rating)', u'Ireland:12A', u'Italy:T', u'Malaysia:U', u'Netherlands:AL', u'Norway:11', u'Peru:Apt', u'Philippines:PG-13', u'Portugal:M/12', u'Russia:12+', u'Singapore:PG', u'Singapore:PG13::(re-rating)', u'South Korea:12', u'Spain:7', u'Sweden:7', u'Switzerland:10::(canton of Geneva)', u'Switzerland:10::(canton of Vaud)', u'Taiwan:PG-12', u'UK:12A', u'USA:PG-13::(certificate #42007)']",45,"Rated PG-13 for language, crude and sex-related humor, and some drug references",[u'Color'],,
actor,movie,Fugitives Run,2005,[u'USA:83'],[u'Comedy'],Two men are on the run from a nasty sheriff and some bikers after they get accused of robbing locals who got together to play Bingo.,3.2,101,"{1: 40, 2: 15, 3: 8, 4: 7, 5: 12, 6: 0, 7: 3, 8: 1, 9: 0, 10: 15}","{u'aged 45+': (30, 2.5), u'aged 30-44': (46, 3.4), u'females': (10, 2.0), u'females aged 30-44': (3, 6.0), 'all votes': (101, 3.2), u'females aged 45+': (5, 1.7), u'males': (72, 3.1), u'males aged 18-29': (5, 1.4), u'aged 18-29': (7, 1.4), u'males aged 30-44': (43, 3.4), u'non-us users': (62, 2.9), u'females aged 18-29': (2, 5.5), u'us users': (18, 3.2), u'top 1000 voters': (9, 3.9), u'males aged 45+': (24, 3.0)}","[u'UK:12', u'USA:PG-13']",,Rated PG-13 for crude and sexual humor,[u'Color'],,
actor,movie,The SpongeBob SquarePants Movie,2004,[u'87'],"[u'Animation', u'Adventure', u'Comedy', u'Family', u'Fantasy']",SpongeBob SquarePants takes leave from the town of Bikini Bottom in order to track down King Neptune's stolen crown.,7.0,64257,"{1: 1218, 2: 612, 3: 990, 4: 1776, 5: 4278, 6: 10185, 7: 18862, 8: 12599, 9: 4989, 10: 8748}","{u'aged 45+': (3380, 6.7), u'imdb staff': (7, 6.0), u'aged 30-44': (15946, 6.9), u'females': (10190, 6.9), u'females aged 30-44': (2492, 6.8), 'all votes': (64257, 7.0), u'females aged 45+': (528, 6.9), u'males': (41453, 7.0), u'males aged 18-29': (23010, 7.1), u'males under 18': (404, 7.6), u'aged 18-29': (29915, 7.0), u'males aged 30-44': (13310, 6.9), u'non-us users': (27533, 6.9), u'females aged 18-29': (6650, 6.9), u'us users': (14537, 7.0), u'females under 18': (94, 7.9), u'aged under 18': (505, 7.6), u'top 1000 voters': (394, 6.3), u'males aged 45+': (2807, 6.7)}","[u'Argentina:Atp', u'Australia:G', u'Brazil:Livre', u'Canada:G::(Alberta/British Columbia/Ontario/Qu\xe9bec)', u'Chile:TE', u'Finland:K-3', u'Germany:6', u'Iceland:L', u'Ireland:G', u'Italy:T', u'Japan:G', u'Malaysia:U', u'Netherlands:AL', u'New Zealand:G', u'Norway:7::(DVD release)', u'Peru:Apt', u'Philippines:G', u'Portugal:M/4', u'Russia:0+', u'Singapore:PG', u'South Korea:All', u'Spain:T', u'Switzerland:7::(canton of Geneva)', u'Switzerland:7::(canton of Vaud)', u'Switzerland:8::(canton of Zurich)', u'UK:U::(NickelodeonUK)', u'USA:TV-PG::(Nickelodeon)', u'USA:PG::(No. 41200)']",66,Rated PG for some mild crude humor,[u'Color'],,
actor,movie,Dodgeball: A True Underdog Story,2004,[u'92'],"[u'Comedy', u'Sport']",A group of misfits enter a Las Vegas dodgeball tournament in order to save their cherished local gym from the onslaught of a corporate health fitness chain.,6.7,198723,"{1: 2130, 2: 1946, 3: 3549, 4: 7533, 5: 17657, 6: 41669, 7: 61112, 8: 36789, 9: 13584, 10: 12754}","{u'aged 45+': (13512, 6.5), u'imdb staff': (19, 6.7), u'aged 30-44': (75631, 6.6), u'females': (21894, 6.6), u'females aged 30-44': (8892, 6.5), 'all votes': (198723, 6.7), u'females aged 45+': (1747, 6.6), u'males': (140382, 6.7), u'males aged 18-29': (57053, 6.8), u'males under 18': (279, 6.9), u'aged 18-29': (67870, 6.8), u'males aged 30-44': (66005, 6.7), u'non-us users': (87207, 6.6), u'females aged 18-29': (10293, 6.5), u'us users': (51574, 6.9), u'females under 18': (47, 7.2), u'aged under 18': (332, 6.9), u'top 1000 voters': (672, 6.1), u'males aged 45+': (11580, 6.5)}","[u'Argentina:13', u'Australia:M', u'Brazil:10', u'Canada:PG::(Ontario)', u'Canada:G::(Qu\xe9bec)', u'Finland:K-11', u'Germany:6', u'Iceland:L', u'Ireland:15::(DVD rating)', u'Ireland:15PG::(orginal rating)', u'Malaysia:18SX', u'Netherlands:AL', u'Norway:7', u'Peru:14', u'Philippines:PG-13', u'Portugal:M/12', u'Singapore:M18', u'Singapore:PG::(cut)', u'South Korea:12', u'Sweden:7', u'Switzerland:14::(canton of Geneva)', u'Switzerland:14::(canton of Vaud)', u'UK:12::(DVD rating)', u'UK:12A::(original rating)', u'USA:Unrated::(DVD version)', u'USA:PG-13::(certificate #40832)']",55,"Rated PG-13 for rude and sexual humor, and language","[u'Black and White', u'Color']",,
actor,tv movie,Baywatch: Hawaiian Wedding,2003,[u'100'],"[u'Action', u'Drama', u'Adventure']",Mitch Buchannon didn't die in a boat explosion in the 10th season but has been recovering from amnesia in Los Angeles...,4.1,1767,"{1: 310, 2: 210, 3: 233, 4: 248, 5: 190, 6: 153, 7: 98, 8: 60, 9: 38, 10: 227}","{u'aged 45+': (167, 4.2), u'aged 30-44': (877, 3.9), u'females': (260, 4.8), u'females aged 30-44': (128, 4.1), 'all votes': (1767, 4.1), u'females aged 45+': (20, 4.5), u'males': (1203, 4.0), u'males aged 18-29': (289, 4.4), u'aged 18-29': (392, 4.7), u'males aged 30-44': (743, 3.8), u'non-us users': (1086, 3.8), u'females aged 18-29': (100, 5.8), u'us users': (220, 5.2), u'top 1000 voters': (82, 3.9), u'males aged 45+': (145, 4.2)}","[u'Australia:PG', u'Germany:12', u'Iceland:12', u'Singapore:NC-16', u'UK:12', u'USA:TV-14']",,,[u'Color'],,
actor,tv series,Still Standing,2002,"[u'Argentina:30', u'30::(88 episodes)']","[u'Comedy', u'Family', u'Romance']",Bill and Judy are not your average parents; the kids are the responsible ones.,7.6,6394,"{1: 181, 2: 68, 3: 64, 4: 109, 5: 238, 6: 568, 7: 1161, 8: 1449, 9: 848, 10: 1708}","{u'aged 45+': (832, 7.7), u'imdb staff': (1, 1.0), u'aged 30-44': (2552, 7.5), u'females': (1521, 7.9), u'females aged 30-44': (619, 7.9), 'all votes': (6394, 7.6), u'females aged 45+': (220, 8.1), u'males': (3958, 7.5), u'males aged 18-29': (1338, 7.6), u'males under 18': (1, 10.0), u'aged 18-29': (1985, 7.7), u'males aged 30-44': (1913, 7.4), u'non-us users': (2123, 7.3), u'females aged 18-29': (640, 7.8), u'us users': (2739, 7.9), u'females under 18': (1, 10.0), u'aged under 18': (2, 10.0), u'top 1000 voters': (97, 6.0), u'males aged 45+': (604, 7.6)}","[u'Argentina:Atp', u'Australia:PG', u'USA:TV-PG']",,,[u'Color'],,
actor,tv series,Just Shoot Me!,1997,[u'30'],[u'Comedy'],Hot-tempered journalist Maya Gallo got herself fired from yet another job when she made an anchorwoman...,6.9,14571,"{1: 319, 2: 196, 3: 266, 4: 495, 5: 1120, 6: 2265, 7: 3957, 8: 2732, 9: 1332, 10: 1889}","{u'aged 45+': (2030, 6.9), u'imdb staff': (1, 5.0), u'aged 30-44': (6830, 6.8), u'females': (3534, 7.0), u'females aged 30-44': (1723, 6.9), 'all votes': (14571, 6.9), u'females aged 45+': (474, 6.9), u'males': (9087, 6.9), u'aged 18-29': (3463, 7.2), u'males under 18': (3, 8.3), u'males aged 18-29': (2220, 7.1), u'males aged 30-44': (5041, 6.8), u'non-us users': (6344, 6.9), u'females aged 18-29': (1222, 7.3), u'us users': (4566, 7.0), u'aged under 18': (3, 8.3), u'top 1000 voters': (214, 6.3), u'males aged 45+': (1541, 6.9)}","[u'Australia:PG', u'Singapore:PG']",,,[u'Color'],,
actor,tv movie,Shaka Zulu: The Citadel,2001,"[u'Germany:179', u'USA:179']",[u'Drama'],Shaka Zulu: The Last Great Warrior is the true story of the legendary African warrior and his struggle to unite his people against the largest empire in the world.,5.3,267,"{1: 31, 2: 24, 3: 24, 4: 19, 5: 49, 6: 35, 7: 23, 8: 15, 9: 14, 10: 33}","{u'aged 45+': (86, 4.7), u'aged 30-44': (90, 5.5), u'females': (36, 6.1), u'females aged 30-44': (17, 5.3), 'all votes': (267, 5.3), u'females aged 45+': (14, 6.0), u'males': (173, 5.0), u'males aged 18-29': (29, 5.5), u'aged 18-29': (34, 5.8), u'males aged 30-44': (70, 5.5), u'non-us users': (113, 5.3), u'females aged 18-29': (5, 7.8), u'us users': (83, 4.8), u'top 1000 voters': (17, 4.6), u'males aged 45+': (70, 4.4)}","[u'Germany:12', u'Netherlands:12', u'Singapore:NC-16', u'USA:R']",,Rated R for violence,[u'Color'],,
actor,movie,Layover,2001,"[u'Germany:95', u'USA:95']",[u'Thriller'],An airport affair becomes a man's 24-hour nightmare after he discovers the woman is the wife of a dangerous jewelry dealer whom he befriended on a previous flight.,4.7,389,"{1: 36, 2: 31, 3: 41, 4: 52, 5: 70, 6: 44, 7: 48, 8: 22, 9: 4, 10: 41}","{u'aged 45+': (85, 4.9), u'aged 30-44': (180, 4.6), u'females': (24, 4.6), u'females aged 30-44': (11, 3.8), 'all votes': (389, 4.7), u'females aged 45+': (11, 5.8), u'males': (280, 4.8), u'males aged 18-29': (40, 4.9), u'aged 18-29': (41, 4.9), u'males aged 30-44': (163, 4.7), u'non-us users': (218, 4.7), u'females aged 18-29': (1, 2.0), u'us users': (81, 4.9), u'top 1000 voters': (20, 4.3), u'males aged 45+': (73, 4.9)}","[u'Australia:MA', u'Germany:16', u'Iceland:16', u'Netherlands:16', u'USA:R']",,"Rated R for strong language, violence and a scene of sexuality",[u'Color'],,
actor,tv movie,Jekyll & Hyde: The Musical,2001,[u'135'],"[u'Horror', u'Musical']","Musical version of the Robert Louis Stevenson story about a doctor who conducts an experiment on himself that results in his bringing out the dark, murderous side of his inner self, ""Mr. Hyde"".",6.8,475,"{1: 26, 2: 21, 3: 16, 4: 27, 5: 25, 6: 63, 7: 85, 8: 56, 9: 42, 10: 114}","{u'aged 45+': (74, 6.9), u'aged 30-44': (166, 6.3), u'females': (125, 7.0), u'females aged 30-44': (54, 6.3), 'all votes': (475, 6.8), u'females aged 45+': (15, 7.0), u'males': (232, 6.7), u'aged 18-29': (114, 7.4), u'males under 18': (1, 7.0), u'males aged 18-29': (60, 7.2), u'males aged 30-44': (111, 6.3), u'non-us users': (119, 7.1), u'females aged 18-29': (53, 7.6), u'us users': (204, 6.5), u'aged under 18': (1, 7.0), u'top 1000 voters': (14, 6.5), u'males aged 45+': (57, 7.0)}","[u'Sweden:7::(folkets hus & parker)', u'USA:Unrated']",,,[u'Color'],,
actor,tv movie,One True Love,2000,[u'96'],"[u'Drama', u'Romance', u'Comedy']",A firefighter falls in love with a woman after he rescues her from a car crash.,6.1,317,"{1: 10, 2: 12, 3: 11, 4: 20, 5: 37, 6: 65, 7: 36, 8: 39, 9: 17, 10: 70}","{u'aged 45+': (100, 6.1), u'aged 30-44': (110, 5.8), u'females': (111, 6.7), u'females aged 30-44': (36, 6.1), 'all votes': (317, 6.1), u'females aged 45+': (55, 6.7), u'males': (127, 5.6), u'aged 18-29': (25, 6.4), u'males under 18': (1, 10.0), u'males aged 18-29': (7, 4.8), u'males aged 30-44': (73, 5.7), u'non-us users': (133, 5.5), u'females aged 18-29': (17, 7.3), u'us users': (93, 6.8), u'aged under 18': (1, 10.0), u'top 1000 voters': (22, 4.1), u'males aged 45+': (45, 5.7)}",[u'USA:Not Rated'],,,[u'Color'],,
actor,tv series,Baywatch,1989,[u'60::(241 episodes)'],"[u'Action', u'Drama']",A cadre of attractive lifeguards patrol a crowded recreational beach.,5.2,20721,"{1: 1815, 2: 1199, 3: 1559, 4: 2262, 5: 3717, 6: 3542, 7: 2485, 8: 1383, 9: 579, 10: 2180}","{u'aged 45+': (2124, 4.3), u'imdb staff': (2, 3.0), u'aged 30-44': (10570, 5.2), u'females': (4228, 5.1), u'females aged 30-44': (2200, 5.0), 'all votes': (20721, 5.2), u'females aged 45+': (442, 4.1), u'males': (13644, 5.2), u'aged 18-29': (4844, 5.6), u'males under 18': (8, 9.3), u'males aged 18-29': (3345, 5.6), u'males aged 30-44': (8261, 5.2), u'non-us users': (11916, 5.2), u'females aged 18-29': (1448, 5.5), u'us users': (3200, 4.8), u'aged under 18': (8, 9.3), u'top 1000 voters': (307, 4.5), u'males aged 45+': (1648, 4.4)}","[u'Argentina:13', u'Australia:PG::(some episodes)', u'Australia:M::(some episodes)', u'Canada:G::(Quebec)', u'Germany:12', u'Netherlands:6', u'New Zealand:M', u'Norway:11::(2008) (DVD rating)', u'USA:TV-PG']",,,[u'Color'],,
actor,tv series,The West Wing,1999,"[u'44', u'USA:60::(including commercials)']",[u'Drama'],Inside the lives of staffers in the West Wing of the White House.,8.8,49611,"{1: 1341, 2: 363, 3: 287, 4: 336, 5: 612, 6: 1137, 7: 2729, 8: 6387, 9: 12434, 10: 23985}","{u'aged 45+': (8600, 8.7), u'imdb staff': (17, 8.9), u'aged 30-44': (20927, 8.8), u'females': (9544, 8.8), u'females aged 30-44': (4545, 8.7), 'all votes': (49611, 8.8), u'females aged 45+': (2296, 8.9), u'males': (30496, 8.8), u'males aged 18-29': (6679, 8.8), u'males under 18': (50, 8.1), u'aged 18-29': (8986, 8.8), u'males aged 30-44': (16115, 8.8), u'non-us users': (19374, 8.7), u'females aged 18-29': (2210, 8.8), u'us users': (13575, 8.8), u'females under 18': (8, 9.7), u'aged under 18': (58, 8.2), u'top 1000 voters': (278, 7.2), u'males aged 45+': (6183, 8.7)}","[u'Argentina:13', u'Australia:PG::(DVD rating)', u'Australia:M::(some episodes)', u'Finland:K-12', u'New Zealand:PG::(season 1)', u'New Zealand:M::(season 2)', u'New Zealand:PG::(season 3)', u'New Zealand:M::(season 4)', u'New Zealand:PG::(season 5)', u'Singapore:PG', u'Singapore:NC-16::(season 7)', u'UK:12', u'USA:TV-14']",,,[u'Color'],,
actor,tv series,3rd Rock from the Sun,1996,"[u'25::(124 episodes)', u'60::(7 episodes)']","[u'Comedy', u'Family', u'Sci-Fi']","A group of aliens are sent to Earth, disguised as a human family, to experience and report life on the 3rd planet from the sun.",7.8,40467,"{1: 566, 2: 258, 3: 378, 4: 661, 5: 1422, 6: 3240, 7: 7320, 8: 10815, 9: 6893, 10: 8914}","{u'aged 45+': (4518, 7.7), u'imdb staff': (7, 5.7), u'aged 30-44': (19300, 7.7), u'females': (9686, 7.9), u'females aged 30-44': (4779, 7.9), 'all votes': (40467, 7.8), u'females aged 45+': (1065, 7.9), u'males': (25202, 7.7), u'males aged 18-29': (6660, 7.9), u'males under 18': (24, 8.3), u'aged 18-29': (10282, 7.9), u'males aged 30-44': (14342, 7.7), u'non-us users': (19913, 7.8), u'females aged 18-29': (3529, 8.0), u'us users': (9501, 7.8), u'females under 18': (7, 9.0), u'aged under 18': (31, 8.4), u'top 1000 voters': (363, 7.2), u'males aged 45+': (3392, 7.6)}","[u'Argentina:Atp', u'Australia:PG', u'Singapore:PG', u'UK:PG::(some episodes)', u'UK:12::(some episodes)', u'USA:TV-PG::(original rating)']",,,[u'Color'],,
actor,tv series,Action,1999,[u'30::(13 episodes)'],"[u'Comedy', u'Drama']","A series that centers on Peter Dragon (played by Jay Mohr), a Hollywood executive. His last, massively expensive, movie bombed and he needs a hit. Will ""Beverley Hills Gun Club"" be it?",8.4,1219,"{1: 38, 2: 3, 3: 8, 4: 10, 5: 35, 6: 40, 7: 109, 8: 241, 9: 320, 10: 415}","{u'aged 45+': (298, 8.6), u'aged 30-44': (621, 8.4), u'females': (135, 8.4), u'females aged 30-44': (75, 8.5), 'all votes': (1219, 8.4), u'females aged 45+': (46, 8.7), u'males': (873, 8.5), u'males aged 18-29': (75, 8.5), u'aged 18-29': (87, 8.3), u'males aged 30-44': (539, 8.4), u'non-us users': (456, 8.5), u'females aged 18-29': (11, 6.3), u'us users': (513, 8.4), u'top 1000 voters': (55, 7.0), u'males aged 45+': (247, 8.6)}","[u'da:14A::(Canadian Home Video rating)', u'USA:Not Rated::(DVD rating)']",,,[u'Color'],,
actor,movie,Legacy,1998,[u'USA:105'],[u'Action'],A dedicated war photographer joins a beautiful Eurasian girl on a dangerous quest for her legacy.,4.4,167,"{1: 23, 2: 12, 3: 20, 4: 24, 5: 18, 6: 16, 7: 11, 8: 8, 9: 7, 10: 28}","{u'aged 45+': (45, 4.7), u'aged 30-44': (67, 3.9), u'females': (17, 6.0), u'females aged 30-44': (11, 5.7), 'all votes': (167, 4.4), u'females aged 45+': (3, 7.7), u'males': (115, 4.2), u'males aged 18-29': (14, 5.2), u'aged 18-29': (17, 5.5), u'males aged 30-44': (55, 3.7), u'non-us users': (81, 4.1), u'females aged 18-29': (3, 10.0), u'us users': (47, 4.5), u'top 1000 voters': (11, 2.8), u'males aged 45+': (42, 4.7)}","[u'Philippines:PG-13', u'USA:R']",,Rated R for violence and some language,[u'Color'],,
actor,movie,Welcome to Hollywood,1998,[u'89'],[u'Comedy'],A film director (Adam Rifkin) decides to chart the course of a young actor (Tony Markes) as he tries to make it in Hollywood...,5.3,598,"{1: 56, 2: 25, 3: 37, 4: 49, 5: 66, 6: 120, 7: 83, 8: 45, 9: 28, 10: 89}","{u'aged 45+': (135, 5.0), u'aged 30-44': (257, 5.5), u'females': (88, 5.4), u'females aged 30-44': (45, 6.1), 'all votes': (598, 5.3), u'females aged 45+': (23, 4.3), u'males': (348, 5.3), u'males aged 18-29': (28, 4.4), u'aged 18-29': (48, 4.7), u'males aged 30-44': (210, 5.5), u'non-us users': (227, 5.2), u'females aged 18-29': (20, 5.4), u'us users': (201, 5.5), u'top 1000 voters': (42, 4.2), u'males aged 45+': (107, 5.3)}","[u'Australia:M', u'USA:R']",,Rated R for language,[u'Color'],,
actor,tv movie,Nick Fury: Agent of Shield,1998,"[u'120', u'90::(DVD version)']","[u'Action', u'Sci-Fi']",Marvel's hard-boiled hero is brought to TV. He is brought back to fight the menace of Hydra after exiling...,3.7,2196,"{1: 485, 2: 304, 3: 306, 4: 315, 5: 257, 6: 176, 7: 101, 8: 40, 9: 33, 10: 179}","{u'aged 45+': (370, 3.9), u'aged 30-44': (1005, 3.6), u'females': (98, 3.7), u'females aged 30-44': (40, 3.5), 'all votes': (2196, 3.7), u'females aged 45+': (30, 3.7), u'males': (1625, 3.7), u'aged 18-29': (327, 3.8), u'males under 18': (5, 3.6), u'males aged 18-29': (297, 3.8), u'males aged 30-44': (955, 3.6), u'non-us users': (957, 3.6), u'females aged 18-29': (27, 4.2), u'us users': (626, 3.8), u'aged under 18': (5, 3.6), u'top 1000 voters': (124, 3.5), u'males aged 45+': (336, 3.9)}","[u'Argentina:13', u'Netherlands:MG6', u'USA:TV-14']",,,[u'Color'],,
actor,video movie,Baywatch: White Thunder at Glacier Bay,1998,[u'107'],"[u'Action', u'Adventure']","In this wrap-up to the 1997-98 season of Baywatch, L.A. lifeguards Mitch, Cody, and Mitch's son Hobie...",5.2,178,"{1: 26, 2: 13, 3: 11, 4: 24, 5: 18, 6: 16, 7: 14, 8: 9, 9: 2, 10: 45}","{u'aged 45+': (18, 5.2), u'aged 30-44': (83, 4.6), u'females': (25, 5.7), u'females aged 30-44': (16, 5.4), 'all votes': (178, 5.2), u'females aged 45+': (4, 6.0), u'males': (106, 5.2), u'males aged 18-29': (23, 7.0), u'aged 18-29': (26, 6.8), u'males aged 30-44': (65, 4.5), u'non-us users': (79, 4.7), u'females aged 18-29': (3, 6.0), u'us users': (38, 5.4), u'top 1000 voters': (15, 4.9), u'males aged 45+': (14, 5.4)}",[u'USA:PG'],,"Rated PG for violence, and for some sensuality and language",[u'Color'],,
actor,tv movie,NightMan,1997,[u'USA:93'],[u'Sci-Fi'],Johnny Domino is a musician. While performing for some VIP's he is struck by a lightning bolt. He then thinks he hears things but no one it talking...,6.5,87,"{1: 9, 2: 3, 3: 3, 4: 9, 5: 12, 6: 8, 7: 6, 8: 5, 9: 5, 10: 27}","{u'males aged 30-44': (33, 5.6), u'females': (12, 9.7), u'females aged 30-44': (6, 10.0), 'all votes': (87, 6.5), u'females aged 45+': (5, 9.9), u'males': (56, 6.3), u'males aged 18-29': (11, 6.6), u'aged 18-29': (11, 6.6), u'aged 30-44': (39, 6.4), u'non-us users': (31, 5.9), u'aged 45+': (17, 8.1), u'us users': (34, 8.0), u'top 1000 voters': (8, 4.8), u'males aged 45+': (12, 7.5)}",,,,[u'Color'],,
actor,tv series,Night Man,1997,[u'45::(44 episodes)'],"[u'Action', u'Adventure', u'Drama', u'Sci-Fi']","After lightning strikes saxophonist Johnny Domino, he finds he is telepathically tuned to the frequency of evil...",6.4,462,"{1: 35, 2: 19, 3: 23, 4: 29, 5: 52, 6: 58, 7: 72, 8: 37, 9: 18, 10: 119}","{u'aged 45+': (78, 6.5), u'aged 30-44': (192, 5.9), u'females': (53, 7.8), u'females aged 30-44': (22, 7.3), 'all votes': (462, 6.4), u'females aged 45+': (14, 7.1), u'males': (344, 6.1), u'males aged 18-29': (100, 6.7), u'aged 18-29': (117, 7.0), u'males aged 30-44': (170, 5.7), u'non-us users': (184, 5.8), u'females aged 18-29': (16, 8.7), u'us users': (165, 6.9), u'top 1000 voters': (36, 4.9), u'males aged 45+': (64, 6.4)}",[u'Australia:PG'],,,[u'Color'],,
actor,tv series,Baywatch Nights,1995,[u'60::(44 episodes)'],"[u'Action', u'Drama']","In this Baywatch spin-off, Mitch Buchannon, the reliable Los Angeles lifeguard, moonlights as a private detective who investigates and solves crimes...",3.9,1041,"{1: 223, 2: 116, 3: 144, 4: 145, 5: 112, 6: 71, 7: 43, 8: 30, 9: 23, 10: 134}","{u'aged 45+': (139, 3.6), u'aged 30-44': (584, 3.6), u'females': (155, 4.3), u'females aged 30-44': (85, 4.0), 'all votes': (1041, 3.9), u'females aged 45+': (30, 4.4), u'males': (738, 3.7), u'males aged 18-29': (112, 4.9), u'aged 18-29': (150, 4.9), u'males aged 30-44': (496, 3.6), u'non-us users': (570, 3.6), u'females aged 18-29': (36, 4.8), u'us users': (220, 4.0), u'top 1000 voters': (64, 3.4), u'males aged 45+': (106, 3.4)}","[u'Australia:M', u'USA:TV-PG']",,,[u'Color'],,
actor,tv movie,Gridlock,1996,"[u'UK:87', u'USA:120::(including commercials)', u'USA:92::(DVD)']","[u'Action', u'Crime', u'Drama', u'Thriller']",New York. Some explosions destroy all the bridges connecting Manhattan with the rest of New York. The...,4.6,315,"{1: 40, 2: 27, 3: 31, 4: 46, 5: 46, 6: 42, 7: 28, 8: 16, 9: 2, 10: 37}","{u'aged 45+': (67, 4.7), u'aged 30-44': (128, 4.3), u'females': (18, 5.4), u'females aged 30-44': (7, 5.2), 'all votes': (315, 4.6), u'females aged 45+': (7, 5.1), u'males': (195, 4.5), u'males aged 18-29': (17, 5.1), u'aged 18-29': (20, 5.2), u'males aged 30-44': (115, 4.3), u'non-us users': (168, 4.4), u'females aged 18-29': (3, 7.0), u'us users': (36, 4.7), u'top 1000 voters': (28, 4.3), u'males aged 45+': (60, 4.7)}","[u'Iceland:12', u'UK:15', u'UK:15::(video premiere)']",,,[u'Color'],,
actor,video movie,Baywatch: Forbidden Paradise,1995,"[u'UK:94', u'USA:90']","[u'Action', u'Drama']","Baywatch lifeguards Mitch, C.J., Stephanie, Caroline, Matt and Logan travel to Ohau, Hawaii for a much...",5.0,437,"{1: 68, 2: 21, 3: 36, 4: 46, 5: 63, 6: 33, 7: 27, 8: 23, 9: 11, 10: 109}","{u'aged 45+': (43, 4.8), u'aged 30-44': (163, 4.6), u'females': (46, 6.2), u'females aged 30-44': (23, 6.3), 'all votes': (437, 5.0), u'females aged 45+': (7, 2.7), u'males': (224, 4.7), u'males aged 18-29': (46, 5.5), u'aged 18-29': (59, 5.9), u'males aged 30-44': (138, 4.3), u'non-us users': (162, 4.7), u'females aged 18-29': (13, 7.2), u'us users': (74, 4.9), u'top 1000 voters': (33, 4.1), u'males aged 45+': (36, 5.1)}","[u'Australia:PG', u'USA:PG']",,"Rated PG for sensuality, mild action and language",[u'Color'],,
actor,tv movie,Avalanche,1994,[u'110'],[u'Thriller'],"Duncan is a murderous thief. When he jumps out of his plane, it crashes into the Rockies and produces an avalanche...",4.5,523,"{1: 41, 2: 39, 3: 56, 4: 101, 5: 124, 6: 61, 7: 40, 8: 27, 9: 4, 10: 30}","{u'aged 45+': (81, 4.8), u'aged 30-44': (255, 4.3), u'females': (36, 5.1), u'females aged 30-44': (21, 4.9), 'all votes': (523, 4.5), u'females aged 45+': (7, 5.5), u'males': (369, 4.4), u'aged 18-29': (64, 4.9), u'males under 18': (1, 1.0), u'males aged 18-29': (56, 4.9), u'males aged 30-44': (233, 4.2), u'non-us users': (339, 4.4), u'females aged 18-29': (8, 5.5), u'us users': (57, 5.1), u'aged under 18': (1, 1.0), u'top 1000 voters': (36, 4.2), u'males aged 45+': (73, 4.7)}","[u'Iceland:16', u'UK:12']",,,[u'Color'],,
actor,tv movie,The Bulkin Trail,1992,[u'25'],"[u'Short', u'Comedy']",The Bulkin Trail is a 1992 Christmas Classic starring DAVID HASSELHOFF. The film centers around a young man by the name of Dimitri...,5.2,11,"{1: 3, 2: 1, 3: 1, 4: 0, 5: 1, 6: 0, 7: 1, 8: 1, 9: 1, 10: 2}","{u'aged 45+': (5, 4.9), u'aged 30-44': (4, 7.2), u'females': (2, 5.5), u'females aged 30-44': (1, 10.0), 'all votes': (11, 5.2), u'males': (9, 6.0), u'males aged 18-29': (1, 1.0), u'aged 18-29': (2, 1.0), u'males aged 30-44': (3, 6.3), u'non-us users': (4, 6.0), u'females aged 18-29': (1, 1.0), u'us users': (5, 3.6), u'top 1000 voters': (1, 1.0), u'males aged 45+': (5, 4.9)}",,,,[u'Color'],,
actor,tv movie,Ring of the Musketeers,1992,[u'86'],"[u'Action', u'Adventure', u'Comedy']","Modern-day ""Musketeers"" attempt to live the lives of protectors of the innocent. While the biking trio rescues kidnapped children...",3.3,260,"{1: 75, 2: 38, 3: 39, 4: 40, 5: 16, 6: 11, 7: 9, 8: 9, 9: 4, 10: 19}","{u'aged 45+': (74, 3.4), u'aged 30-44': (121, 3.3), u'females': (28, 3.1), u'females aged 30-44': (13, 3.1), 'all votes': (260, 3.3), u'females aged 45+': (12, 3.7), u'males': (180, 3.5), u'males aged 18-29': (9, 5.3), u'aged 18-29': (12, 4.4), u'males aged 30-44': (107, 3.3), u'non-us users': (118, 3.2), u'females aged 18-29': (3, 1.7), u'us users': (79, 3.7), u'top 1000 voters': (41, 3.2), u'males aged 45+': (60, 3.5)}","[u'Iceland:12', u'USA:PG-13::(certificate #33203)']",,,[u'Color'],,
actor,tv movie,Knight Rider 2000,1991,[u'91'],"[u'Action', u'Sci-Fi']","In the future, guns are banned and criminals are frozen for the duration of their sentences. A recent...",4.7,2148,"{1: 188, 2: 178, 3: 247, 4: 322, 5: 362, 6: 286, 7: 155, 8: 93, 9: 69, 10: 248}","{u'aged 45+': (212, 4.7), u'aged 30-44': (1182, 4.5), u'females': (95, 5.2), u'females aged 30-44': (55, 5.0), 'all votes': (2148, 4.7), u'females aged 45+': (23, 5.0), u'males': (1543, 4.6), u'aged 18-29': (230, 5.2), u'males under 18': (1, 6.0), u'males aged 18-29': (213, 5.1), u'males aged 30-44': (1113, 4.5), u'non-us users': (1155, 4.5), u'females aged 18-29': (16, 5.8), u'us users': (354, 5.1), u'aged under 18': (1, 6.0), u'top 1000 voters': (81, 4.4), u'males aged 45+': (185, 4.6)}","[u'Germany:12', u'Iceland:12', u'Netherlands:6', u'Netherlands:6::(DVD rating)', u'Singapore:PG']",,,[u'Color'],,
actor,movie,The Final Alliance,1990,"[u'94', u'USA:90']","[u'Action', u'Drama']",A drifter and his pet Puma stands up against a motorcycle gang in a small American town.,3.9,164,"{1: 27, 2: 27, 3: 21, 4: 27, 5: 14, 6: 12, 7: 12, 8: 3, 9: 2, 10: 19}","{u'males aged 30-44': (84, 4.1), u'females': (9, 3.3), u'females aged 30-44': (4, 4.0), 'all votes': (164, 3.9), u'females aged 45+': (5, 2.5), u'males': (129, 4.0), u'males aged 18-29': (8, 5.1), u'aged 18-29': (9, 4.8), u'aged 30-44': (89, 4.1), u'non-us users': (100, 3.8), u'aged 45+': (41, 3.3), u'us users': (29, 3.9), u'top 1000 voters': (22, 3.7), u'males aged 45+': (36, 3.4)}","[u'Iceland:16', u'USA:R', u'West Germany:16::(cut version)']",,,[u'Color'],,
actor,video movie,"W.B., Blue and the Bean",1989,"[u'87', u'Germany:90']","[u'Action', u'Comedy', u'Crime', u'Thriller']",A trio of hapless bounty hunters are recruited by a shady bail bondsman to try to keep a witness in drug trial alive to testify.,4.7,379,"{1: 46, 2: 25, 3: 50, 4: 60, 5: 47, 6: 32, 7: 29, 8: 25, 9: 9, 10: 56}","{u'aged 45+': (111, 4.4), u'aged 30-44': (166, 4.8), u'females': (15, 4.6), u'females aged 30-44': (8, 5.2), 'all votes': (379, 4.7), u'females aged 45+': (6, 4.1), u'males': (287, 4.7), u'males aged 18-29': (21, 5.4), u'aged 18-29': (23, 5.4), u'males aged 30-44': (156, 4.9), u'non-us users': (155, 4.8), u'females aged 18-29': (1, 10.0), u'us users': (137, 4.5), u'top 1000 voters': (50, 4.5), u'males aged 45+': (105, 4.4)}","[u'Iceland:12', u'UK:15', u'USA:R', u'West Germany:12::(f) (cut)']",,,[u'Color'],,
actor,tv movie,Fire and Rain,1989,[u'USA:89'],[u'Drama'],"This movie is based on the actual events on the tragic day of August 2nd, 1985. Delta Airlines flight 191 en route to Los Angeles via Dallas-Ft...",5.9,92,"{1: 6, 2: 3, 3: 1, 4: 17, 5: 14, 6: 13, 7: 17, 8: 7, 9: 4, 10: 10}","{u'aged 45+': (43, 5.4), u'aged 30-44': (21, 6.6), u'females': (9, 4.4), u'females aged 30-44': (2, 6.5), 'all votes': (92, 5.9), u'females aged 45+': (5, 4.8), u'males': (61, 5.8), u'males aged 18-29': (2, 4.5), u'aged 18-29': (4, 4.2), u'males aged 30-44': (19, 6.6), u'non-us users': (42, 5.4), u'females aged 18-29': (2, 4.0), u'us users': (24, 6.1), u'top 1000 voters': (16, 5.1), u'males aged 45+': (37, 5.5)}","[u'Iceland:12', u'UK:15', u'West Germany:16']",,,[u'Color'],,
actor,tv movie,Panic at Malibu Pier,1989,[u'95'],"[u'Action', u'Drama']","Pilot of the popular syndicated series introduces a close-knit group of lifeguards at Baywatch, a Los Angeles beach...",5.9,315,"{1: 25, 2: 6, 3: 19, 4: 29, 5: 60, 6: 50, 7: 28, 8: 21, 9: 22, 10: 55}","{u'aged 45+': (50, 5.4), u'aged 30-44': (129, 5.9), u'females': (31, 6.5), u'females aged 30-44': (16, 6.4), 'all votes': (315, 5.9), u'females aged 45+': (5, 5.9), u'males': (175, 5.8), u'males aged 18-29': (17, 6.5), u'aged 18-29': (25, 6.6), u'males aged 30-44': (112, 5.8), u'non-us users': (140, 5.8), u'females aged 18-29': (8, 6.8), u'us users': (45, 5.9), u'top 1000 voters': (44, 5.2), u'males aged 45+': (45, 5.4)}",,,,[u'Color'],,
actor,movie,La casa 4 (Witchcraft),1988,"[u'95', u'USA:96::(uncut version)']",[u'Horror'],When a storm strands a group on a Massachusetts island where the only dwelling is an old hotel supposedly...,4.0,1309,"{1: 207, 2: 166, 3: 164, 4: 234, 5: 176, 6: 124, 7: 73, 8: 43, 9: 9, 10: 113}","{u'aged 45+': (270, 3.7), u'aged 30-44': (628, 4.1), u'females': (117, 3.8), u'females aged 30-44': (54, 4.1), 'all votes': (1309, 4.0), u'females aged 45+': (26, 3.6), u'males': (947, 4.0), u'aged 18-29': (158, 3.9), u'males under 18': (1, 5.0), u'males aged 18-29': (121, 4.0), u'males aged 30-44': (570, 4.1), u'non-us users': (626, 3.9), u'females aged 18-29': (36, 3.4), u'us users': (381, 4.0), u'aged under 18': (1, 5.0), u'top 1000 voters': (102, 4.0), u'males aged 45+': (238, 3.7)}","[u'Australia:R', u'Finland:K-18', u'France:12', u'Germany:16::(re-rating) (2016) (uncut)', u'Hong Kong:III', u'Italy:T', u'Netherlands:16::(video rating) (1988)', u'UK:18', u'USA:R', u'West Germany:18::(original rating) (cut)']",,,[u'Color'],,
actor,tv movie,Perry Mason: The Case of the Lady in the Lake,1988,[u'95'],"[u'Crime', u'Drama', u'Mystery']","A tennis player is accused to having killed his wife, a rich heiress. The facts are against him as he was seen in the arms of his former girlfriend in the night before the murder. This is a case for Perry Mason.",6.7,276,"{1: 3, 2: 6, 3: 6, 4: 11, 5: 54, 6: 45, 7: 63, 8: 28, 9: 20, 10: 40}","{u'aged 45+': (138, 6.8), u'aged 30-44': (65, 6.8), u'females': (62, 7.5), u'females aged 30-44': (21, 7.0), 'all votes': (276, 6.7), u'females aged 45+': (35, 7.7), u'males': (148, 6.6), u'males aged 18-29': (1, 8.0), u'aged 18-29': (4, 7.5), u'males aged 30-44': (43, 6.7), u'non-us users': (79, 6.3), u'females aged 18-29': (3, 7.3), u'us users': (115, 7.0), u'top 1000 voters': (42, 6.3), u'males aged 45+': (102, 6.5)}",[u'UK:PG'],,,[u'Color'],,
actor,movie,Starke Zeiten,1988,[u'West Germany:92'],[u'Comedy'],,2.7,98,"{1: 46, 2: 14, 3: 10, 4: 12, 5: 3, 6: 3, 7: 6, 8: 1, 9: 1, 10: 2}","{u'males aged 30-44': (43, 2.9), u'females': (7, 2.3), u'females aged 30-44': (4, 1.0), 'all votes': (98, 2.7), u'females aged 45+': (3, 2.7), u'males': (75, 3.0), u'males aged 18-29': (5, 2.8), u'aged 18-29': (5, 2.8), u'aged 30-44': (47, 2.8), u'non-us users': (71, 2.9), u'aged 45+': (29, 3.5), u'us users': (9, 3.0), u'top 1000 voters': (7, 3.6), u'males aged 45+': (26, 3.5)}",[u'West Germany:6::(f)'],,,[u'Color::(Eastmancolor)'],,
actor,tv series,Knight Rider,1982,[u'46::(90 episodes)'],"[u'Action', u'Crime', u'Drama', u'Sci-Fi']",A lone crimefighter battles the forces of evil with the help of an indestructible and artificially intelligent supercar.,6.9,23685,"{1: 509, 2: 328, 3: 484, 4: 840, 5: 1837, 6: 3879, 7: 6105, 8: 4152, 9: 1947, 10: 3604}","{u'aged 45+': (3041, 6.2), u'imdb staff': (2, 6.5), u'aged 30-44': (12481, 7.0), u'females': (2646, 6.5), u'females aged 30-44': (1532, 6.5), 'all votes': (23685, 6.9), u'females aged 45+': (515, 6.3), u'males': (17306, 6.9), u'males aged 18-29': (3343, 7.0), u'males under 18': (18, 7.5), u'aged 18-29': (3896, 6.9), u'males aged 30-44': (10812, 7.1), u'non-us users': (12877, 6.9), u'females aged 18-29': (516, 6.4), u'us users': (3653, 6.8), u'females under 18': (2, 10.0), u'aged under 18': (20, 7.5), u'top 1000 voters': (330, 6.0), u'males aged 45+': (2479, 6.2)}","[u'Argentina:Atp', u'Australia:PG::(DVD rating)', u'Australia:M::(some episodes)', u'Netherlands:MG6', u'Netherlands:6::(DVD rating)', u'Singapore:PG', u'USA:TV-PG']",,,[u'Color::(Technicolor)'],,
actor,tv movie,Bridge Across Time,1985,[u'97'],[u'Horror'],"London Bridge, London, England, 1888. Jack the Ripper dies in the Thames river. London Bridge, Lake Havasu...",5.0,370,"{1: 22, 2: 22, 3: 52, 4: 63, 5: 66, 6: 52, 7: 35, 8: 17, 9: 10, 10: 31}","{u'aged 45+': (135, 4.9), u'aged 30-44': (150, 5.3), u'females': (43, 5.4), u'females aged 30-44': (14, 5.7), 'all votes': (370, 5.0), u'females aged 45+': (26, 5.2), u'males': (257, 5.0), u'males aged 18-29': (11, 4.9), u'aged 18-29': (14, 4.9), u'males aged 30-44': (133, 5.3), u'non-us users': (134, 5.0), u'females aged 18-29': (3, 4.0), u'us users': (150, 5.2), u'top 1000 voters': (50, 4.4), u'males aged 45+': (108, 4.8)}","[u'Iceland:16', u'USA:Not Rated']",,,[u'Color'],,
actor,tv movie,The Cartier Affair,1984,"[u'96', u'Spain:120']","[u'Comedy', u'Crime']",Curt Taylor is a convict and owes Phil Drexler the number 1 convict in the prison. Now to settle his...,5.0,112,"{1: 7, 2: 10, 3: 11, 4: 9, 5: 26, 6: 8, 7: 11, 8: 10, 9: 3, 10: 17}","{u'males aged 30-44': (27, 5.2), u'females': (14, 5.3), u'females aged 30-44': (7, 5.7), 'all votes': (112, 5.0), u'females aged 45+': (7, 4.8), u'males': (70, 4.8), u'males aged 18-29': (4, 5.2), u'aged 18-29': (4, 5.2), u'aged 30-44': (34, 5.3), u'non-us users': (55, 4.7), u'aged 45+': (47, 4.8), u'us users': (25, 5.4), u'top 1000 voters': (21, 4.8), u'males aged 45+': (39, 4.6)}","[u'Iceland:L', u'UK:PG', u'USA:Not Rated']",,,[u'Color'],,
actor,tv series,The Love Boat,1977,"[u'60', u'USA:60::(249 episodes)']","[u'Comedy', u'Drama', u'Romance']","The romantic and comic tales of the passengers and crew of the cruise ship, Pacific Princess.",6.1,6445,"{1: 222, 2: 160, 3: 231, 4: 420, 5: 1010, 6: 1491, 7: 1222, 8: 727, 9: 310, 10: 652}","{u'aged 45+': (2526, 6.3), u'imdb staff': (2, 10.0), u'aged 30-44': (2328, 5.9), u'females': (1457, 6.7), u'females aged 30-44': (635, 6.5), 'all votes': (6445, 6.1), u'females aged 45+': (636, 6.9), u'males': (3833, 5.9), u'males aged 18-29': (164, 5.3), u'males under 18': (2, 4.5), u'aged 18-29': (281, 5.7), u'males aged 30-44': (1654, 5.7), u'non-us users': (2397, 5.8), u'females aged 18-29': (116, 6.3), u'us users': (2087, 6.3), u'females under 18': (2, 7.0), u'aged under 18': (4, 5.8), u'top 1000 voters': (206, 5.5), u'males aged 45+': (1852, 6.1)}","[u'Argentina:Atp', u'Australia:PG', u'Germany:0', u'Netherlands:AL', u'New Zealand:PG', u'UK:U::(some episodes)', u'UK:PG::(some episodes)', u'USA:TV-G']",,,[u'Color'],,
actor,tv series,Semi-Tough,1980,[u'30'],[u'Comedy'],,6.4,7,"{1: 0, 2: 0, 3: 0, 4: 2, 5: 1, 6: 2, 7: 0, 8: 0, 9: 0, 10: 2}","{u'males aged 30-44': (3, 7.0), u'females': (1, 4.0), 'all votes': (7, 6.4), u'females aged 45+': (1, 4.0), u'males': (6, 7.1), u'aged 30-44': (3, 7.0), u'non-us users': (4, 6.2), u'aged 45+': (4, 6.0), u'us users': (3, 6.7), u'top 1000 voters': (3, 5.0), u'males aged 45+': (3, 6.7)}",,,,[u'Color'],,
actor,tv movie,Pleasure Cove,1979,[u'USA:100'],"[u'Drama', u'Comedy']","The story of a posh seaside vacation resort, and the lives and adventures of its guests and staff.",6.8,31,"{1: 1, 2: 1, 3: 6, 4: 2, 5: 2, 6: 2, 7: 3, 8: 1, 9: 0, 10: 13}","{u'aged 45+': (13, 5.2), u'aged 30-44': (5, 6.8), u'females': (3, 7.3), u'females aged 30-44': (1, 10.0), 'all votes': (31, 6.8), u'females aged 45+': (1, 2.0), u'males': (18, 5.7), u'males aged 18-29': (2, 5.5), u'aged 18-29': (3, 7.0), u'males aged 30-44': (4, 6.2), u'non-us users': (8, 5.5), u'females aged 18-29': (1, 10.0), u'us users': (14, 5.7), u'top 1000 voters': (4, 3.8), u'males aged 45+': (12, 5.4)}",,,,[u'Color'],,
actor,movie,Starcrash,1978,"[u'USA:92', u'Italy:94']","[u'Action', u'Adventure', u'Sci-Fi']",An outlaw smuggler and her alien companion are recruited by the Emperor of the Galaxy to rescue his son and destroy a secret weapon by the evil Count Zarth Arn.,3.9,4469,"{1: 810, 2: 680, 3: 708, 4: 576, 5: 493, 6: 343, 7: 297, 8: 160, 9: 97, 10: 305}","{u'aged 45+': (1153, 3.7), u'imdb staff': (1, 3.0), u'aged 30-44': (2032, 3.9), u'females': (290, 3.7), u'females aged 30-44': (132, 4.0), 'all votes': (4469, 3.9), u'females aged 45+': (77, 3.2), u'males': (3442, 3.9), u'aged 18-29': (498, 3.9), u'males under 18': (3, 3.7), u'males aged 18-29': (423, 3.9), u'males aged 30-44': (1875, 3.9), u'non-us users': (2041, 3.9), u'females aged 18-29': (70, 3.9), u'us users': (1410, 3.8), u'aged under 18': (3, 3.7), u'top 1000 voters': (222, 3.8), u'males aged 45+': (1061, 3.7)}","[u'Argentina:Atp', u'Finland:K-12', u'Singapore:PG', u'UK:A::(original rating)', u'UK:PG::(video rating)', u'USA:PG::(certificate #25597)', u'West Germany:12']",,,[u'Color::(Technicolor)'],,
actor,movie,Revenge of the Cheerleaders,1976,[u'88'],"[u'Comedy', u'Sport']",The tale of the Aloha Cheerleaders' struggle against Lincoln high. High points include such events as...,4.6,561,"{1: 58, 2: 54, 3: 66, 4: 65, 5: 74, 6: 81, 7: 37, 8: 42, 9: 31, 10: 53}","{u'aged 45+': (153, 4.7), u'aged 30-44': (254, 4.6), u'females': (31, 4.7), u'females aged 30-44': (14, 5.0), 'all votes': (561, 4.6), u'females aged 45+': (13, 5.3), u'males': (403, 4.6), u'males aged 18-29': (28, 4.5), u'aged 18-29': (32, 4.3), u'males aged 30-44': (235, 4.6), u'non-us users': (207, 4.2), u'females aged 18-29': (4, 3.2), u'us users': (216, 5.0), u'top 1000 voters': (61, 4.4), u'males aged 45+': (136, 4.7)}","[u'Australia:R', u'Iceland:12', u'UK:18', u'USA:R']",,,[u'Color'],,
actor,tv series,Police Story,1973,"[u'USA:60::(84 episodes)', u'90::(3 episodes)', u'120::(8 episodes)']","[u'Action', u'Crime', u'Drama', u'Thriller']","Classic anthology series, which details the personal lives of the men and women of the Los Angeles Police Department...",7.5,590,"{1: 18, 2: 2, 3: 3, 4: 15, 5: 21, 6: 52, 7: 118, 8: 162, 9: 64, 10: 135}","{u'aged 45+': (380, 7.6), u'aged 30-44': (81, 6.6), u'females': (73, 7.4), u'females aged 30-44': (13, 5.7), 'all votes': (590, 7.5), u'females aged 45+': (55, 7.7), u'males': (424, 7.5), u'males aged 18-29': (26, 7.5), u'aged 18-29': (30, 7.3), u'males aged 30-44': (68, 6.9), u'non-us users': (137, 7.2), u'females aged 18-29': (4, 5.8), u'us users': (310, 7.6), u'top 1000 voters': (61, 6.9), u'males aged 45+': (321, 7.6)}",,,,[u'Color'],,
actor,tv series,The Dean Martin Show,1965,[u'60::(245 episodes)'],"[u'Comedy', u'Music']","Dean Martin hosts with several different celebrities that have several sketches of improv that breaks down comedy, race, and sex all at of the same time.",8.3,938,"{1: 12, 2: 4, 3: 7, 4: 6, 5: 20, 6: 61, 7: 128, 8: 205, 9: 184, 10: 311}","{u'aged 45+': (506, 8.4), u'aged 30-44': (149, 7.9), u'females': (197, 8.7), u'females aged 30-44': (38, 8.2), 'all votes': (938, 8.3), u'females aged 45+': (116, 8.9), u'males': (570, 8.2), u'males aged 18-29': (59, 8.4), u'aged 18-29': (96, 8.6), u'males aged 30-44': (108, 7.8), u'non-us users': (163, 8.1), u'females aged 18-29': (37, 8.9), u'us users': (505, 8.5), u'top 1000 voters': (80, 7.4), u'males aged 45+': (384, 8.3)}",[u'USA:TV-PG'],,,[u'Color'],,
director,tv series,Baywatch,1989,[u'60::(241 episodes)'],"[u'Action', u'Drama']",A cadre of attractive lifeguards patrol a crowded recreational beach.,5.2,20721,"{1: 1815, 2: 1199, 3: 1559, 4: 2262, 5: 3717, 6: 3542, 7: 2485, 8: 1383, 9: 579, 10: 2180}","{u'aged 45+': (2124, 4.3), u'imdb staff': (2, 3.0), u'aged 30-44': (10570, 5.2), u'females': (4228, 5.1), u'females aged 30-44': (2200, 5.0), 'all votes': (20721, 5.2), u'females aged 45+': (442, 4.1), u'males': (13644, 5.2), u'aged 18-29': (4844, 5.6), u'males under 18': (8, 9.3), u'males aged 18-29': (3345, 5.6), u'males aged 30-44': (8261, 5.2), u'non-us users': (11916, 5.2), u'females aged 18-29': (1448, 5.5), u'us users': (3200, 4.8), u'aged under 18': (8, 9.3), u'top 1000 voters': (307, 4.5), u'males aged 45+': (1648, 4.4)}","[u'Argentina:13', u'Australia:PG::(some episodes)', u'Australia:M::(some episodes)', u'Canada:G::(Quebec)', u'Germany:12', u'Netherlands:6', u'New Zealand:M', u'Norway:11::(2008) (DVD rating)', u'USA:TV-PG']",,,[u'Color'],,
miscellaneous crew,tv series,Baywatch,1989,[u'60::(241 episodes)'],"[u'Action', u'Drama']",A cadre of attractive lifeguards patrol a crowded recreational beach.,5.2,20721,"{1: 1815, 2: 1199, 3: 1559, 4: 2262, 5: 3717, 6: 3542, 7: 2485, 8: 1383, 9: 579, 10: 2180}","{u'aged 45+': (2124, 4.3), u'imdb staff': (2, 3.0), u'aged 30-44': (10570, 5.2), u'females': (4228, 5.1), u'females aged 30-44': (2200, 5.0), 'all votes': (20721, 5.2), u'females aged 45+': (442, 4.1), u'males': (13644, 5.2), u'aged 18-29': (4844, 5.6), u'males under 18': (8, 9.3), u'males aged 18-29': (3345, 5.6), u'males aged 30-44': (8261, 5.2), u'non-us users': (11916, 5.2), u'females aged 18-29': (1448, 5.5), u'us users': (3200, 4.8), u'aged under 18': (8, 9.3), u'top 1000 voters': (307, 4.5), u'males aged 45+': (1648, 4.4)}","[u'Argentina:13', u'Australia:PG::(some episodes)', u'Australia:M::(some episodes)', u'Canada:G::(Quebec)', u'Germany:12', u'Netherlands:6', u'New Zealand:M', u'Norway:11::(2008) (DVD rating)', u'USA:TV-PG']",,,[u'Color'],,
