movieID,role,kind,title,year,aspect_ratio,genres,runtimes,rating,votes,color_info,plot_outline,language_codes,country_codes,budget,arithmetic_mean,demographic,number_of_votes,median,keywords,taglines
0053534,actor,tv series,Route 66,1960,,[u'Adventure'],"[u'60', u'60::(116 episodes)']",7.7,1002,[u'Black and White'],The adventures of two young drifters across America.,[u'en'],[u'us'],,7.9,"{u'aged 45+': (686, 7.8), u'imdb staff': (1, 5.0), u'aged 30-44': (113, 6.6), u'females': (212, 7.0), u'females aged 30-44': (35, 6.0), 'all votes': (1002, 7.7), u'females aged 45+': (157, 7.2), u'males': (647, 7.8), u'males aged 18-29': (30, 7.4), u'aged 18-29': (44, 7.2), u'males aged 30-44': (75, 6.7), u'non-us users': (163, 7.6), u'females aged 18-29': (14, 6.4), u'us users': (623, 7.6), u'top 1000 voters': (77, 7.4), u'males aged 45+': (522, 8.0)}","{1: 26, 2: 28, 3: 6, 4: 17, 5: 21, 6: 70, 7: 139, 8: 266, 9: 177, 10: 252}",8,"[u'road-trip', u'route-66', u'corvette', u'highway', u'corvette-convertible', u'traveling', u'number-in-title']",[u'Two soldiers of fortune ride the highway to adventure in this thrilling new series (season 1)']
0041023,actor,tv series,Fireside Theatre,1949,1.33 : 1,[u'Drama'],[u'30'],8.3,42,[u'Black and White'],An anthology series which became the first successful filmed series on American television.,[u'en'],[u'us'],,8.3,"{u'aged 45+': (24, 8.0), u'aged 30-44': (9, 7.9), u'females': (10, 8.4), u'females aged 30-44': (3, 9.0), 'all votes': (42, 8.3), u'females aged 45+': (5, 8.5), u'males': (29, 8.0), u'males aged 18-29': (3, 9.0), u'aged 18-29': (5, 8.2), u'males aged 30-44': (6, 7.7), u'non-us users': (13, 8.0), u'females aged 18-29': (2, 9.0), u'us users': (21, 8.0), u'top 1000 voters': (14, 8.0), u'males aged 45+': (19, 7.9)}","{1: 0, 2: 0, 3: 1, 4: 0, 5: 2, 6: 2, 7: 5, 8: 15, 9: 3, 10: 14}",8,,"[u""It looks like we don't have any Taglines for this title yet.""]"
0045684,actor,movie,Devil's Canyon,1953,1.37 : 1,"[u'Action', u'Crime', u'Drama', u'Romance', u'Western']","[u'92', u'West Germany:85']",5.1,258,[u'(Technicolor)'],"In 1897 Arizona, an ex-marshal is sent to the territorial prison where many of his enemies, among guards and inmates alike, are eager for a chance at payback.",[u'en'],[u'us'],,5.2,"{u'aged 45+': (161, 5.2), u'aged 30-44': (32, 4.7), u'females': (11, 4.7), u'females aged 30-44': (2, 3.0), 'all votes': (258, 5.1), u'females aged 45+': (8, 5.0), u'males': (186, 5.1), u'males aged 18-29': (5, 6.5), u'aged 18-29': (6, 6.2), u'males aged 30-44': (29, 4.7), u'non-us users': (93, 4.9), u'females aged 18-29': (1, 5.0), u'us users': (101, 5.3), u'top 1000 voters': (51, 5.3), u'males aged 45+': (151, 5.2)}","{1: 2, 2: 7, 3: 25, 4: 41, 5: 91, 6: 47, 7: 27, 8: 6, 9: 5, 10: 7}",5,"[u'prison', u'ex-marshal', u'brother', u'inmates', u'guards', u'arizona', u'payback', u'territorial-prison', u'self-defense', u'revenge', u'arrest', u'infirmary', u'outlaw', u'gunfight', u'pardon', u'inmate', u'sadistic', u'machine-gun', u'guard', u'yuma-arizona', u'yuma-prison', u'fort-yuma', u'canyon', u'desert', u'psychopath', u'arizona-territory', u'law-against-gunfighting', u'courtroom-judge', u'sheriff', u'gun-belt', u'prison-guard', u'prison-break', u'prison-doctor', u'female-inmate', u'female-outlaw', u'riot', u'warden', u'year-1897', u'street-shootout', u'bar-shootout', u'romantic-triangle', u'jailbreak', u'disgraced-lawman', u'dead-brother', u'boyfriend-girlfriend-relationship', u'3-dimensional']","[u'EVERY SAVAGE THRILL...EVERY SCORCHING SCENE...REAL AS FLESH! IN 3-D (original print ad - all caps)', u'500 desperate men caged-up with one woman!']"
0045566,actor,movie,A Blueprint for Murder,1953,1.37 : 1,"[u'Crime', u'Drama', u'Film-Noir', u'Mystery', u'Thriller']",[u'77'],6.8,913,[u'Black and White'],"Whitney Cameron suspects his sister-in-law has poisoned his brother and niece, but without proof how does he prevent the murder of his nephew?",[u'en'],[u'us'],,6.8,"{u'aged 45+': (493, 6.8), u'imdb staff': (1, 7.0), u'aged 30-44': (203, 6.7), u'females': (146, 7.0), u'females aged 30-44': (44, 7.2), 'all votes': (913, 6.8), u'females aged 45+': (77, 7.0), u'males': (609, 6.7), u'males aged 18-29': (38, 7.0), u'aged 18-29': (62, 7.1), u'males aged 30-44': (157, 6.6), u'non-us users': (258, 6.7), u'females aged 18-29': (23, 7.1), u'us users': (466, 6.8), u'top 1000 voters': (108, 6.4), u'males aged 45+': (405, 6.8)}","{1: 6, 2: 5, 3: 12, 4: 28, 5: 79, 6: 204, 7: 335, 8: 146, 9: 45, 10: 53}",7,"[u'poisoning', u'strychnine', u'circumstantial-evidence', u'suspicion', u'boy', u'lawyer', u'stepmother', u'murder', u'jetsam', u'district-attorney', u'accusation', u'custom', u'prime-suspect', u'interrogation', u'stepchild', u'chauffeur', u'attorney', u'autopsy', u'reference-to-dr.-crippen', u'symptom-of-illness', u'motive', u'mink-stole', u'office-building', u'convulsion', u'interior-monologue', u'cocktail', u'sleeping-sickness', u'monopoly-game', u'fur-coat', u'police-lab', u'baccardi', u'quoits', u'ocean-liner', u'persecution', u'monopoly-the-board-game', u'courtroom', u'voice-over-narration', u'unseen-character', u'uncle-nephew-relationship', u'ship', u'seduction', u'romantic-kiss', u'probate', u'port-hole', u'policeman', u'police-officer', u'poisoned-drink', u'poison-pill', u'piano', u'piano-playing', u'pharmacy', u'pharmacist', u'pesticide', u'ocean-cruise', u'nurse', u'murderess', u'murderer', u'murder-of-stepdaughter', u'murder-of-husband', u'killer', u'judge', u'insect-poison', u'husband-wife-relationship', u'hospital', u'hospital-room', u'hospital-pharmacy', u'friendship', u'falling-in-love', u'evil-woman', u'evil-stepmother', u'drugstore', u'druggist', u'doctor', u'detective', u'death-of-stepdaughter', u'death-of-niece', u'cigarette-smoking', u'child-in-peril', u'brother-in-law-sister-in-law-relationship', u'bottle', u'attempted-murder', u'arsenic', u'ant-poison', u'ambulance', u'alcoholic-drink', u'aftershave-lotion', u'accused-of-murder', u'poison', u'ocean-crossing', u'death-of-child']","[u'He kissed her into the most sacred confession a woman can make!', u'Was she liquid fire or congealed ice?', u'EVERY INCH OF HER IS MURDER!']"
0045546,actor,movie,"The Beast from 20,000 Fathoms",1953,1.37 : 1,"[u'Adventure', u'Horror', u'Sci-Fi']",[u'80'],6.7,5372,"[u'Black and White', u'Black and White::(Sepiatone)']","A ferocious dinosaur awakened by an Arctic atomic test terrorizes the North Atlantic and, ultimately, New York City.","[u'en', u'fr']",[u'us'],"[u'$210,000 (estimated)']",6.8,"{u'aged 45+': (1953, 6.8), u'imdb staff': (1, 6.0), u'aged 30-44': (1648, 6.5), u'females': (345, 6.6), u'females aged 30-44': (116, 6.3), 'all votes': (5372, 6.7), u'females aged 45+': (169, 6.7), u'males': (4010, 6.7), u'aged 18-29': (696, 6.9), u'males under 18': (9, 7.6), u'males aged 18-29': (637, 6.9), u'males aged 30-44': (1512, 6.5), u'non-us users': (1854, 6.5), u'females aged 18-29': (52, 6.9), u'us users': (2203, 6.8), u'aged under 18': (9, 7.6), u'top 1000 voters': (282, 6.2), u'males aged 45+': (1763, 6.8)}","{1: 49, 2: 44, 3: 87, 4: 182, 5: 535, 6: 1199, 7: 1707, 8: 844, 9: 307, 10: 418}",7,"[u'monster', u'arctic', u'dinosaur', u'paleontologist', u'rhedosaurus', u'lighthouse', u'new-york-city', u'atomic-bomb', u'sea-monster', u'giant-monster', u'nuclear-testing', u'trawler', u'disaster-in-new-york', u'contamination', u'high-voltage', u'militia', u'radio-broadcast', u'police-force', u'submersible', u'destruction', u'north-pole', u'museum', u'prehistoric-creature', u'mushroom-cloud', u'radiation', u'expedition', u'bare-chested-male', u'manhattan-new-york-city', u'trail-of-blood', u'reference-to-judy-garland', u'reference-to-galileo', u'reference-to-clark-gable', u'animal-blood', u'animal-attack', u'sharpshooter', u'monster-terrorizes-city', u'live-dinosaur', u'frozen-alive', u'mesozoic', u'marksman', u'fishing-village', u'diving-bell', u'coast-guard', u'canada', u'bazooka', u'atomic-energy', u'eaten-alive', u'crushed-car', u'rampage', u'brooklyn-bridge', u'paleontology', u'psychiatrist', u'roller-coaster', u'city-in-panic', u'radioactive-shell', u'amusement-park', u'scientist-hero', u'number-in-title']","[u""It's alive !"", u""You'll see it tear a city apart!"", u'FANTASTIC SEA-GIANT CRUSHES CITY! (original ad - all caps)', u'Prehistoric sea-giant rages against city!', u""They couldn't believe their eyes! They couldn't escape the terror! And neither will you!"", u'Cast of thousands!  Over a year in the making!', u'The seas master beast of the ages- raging up from the bottom of time', u'A Thrill-Story Beyond All Imagining !']"
0045636,actor,movie,Code Two,1953,1.37 : 1,"[u'Crime', u'Drama']",[u'69'],6.4,239,[u'Black and White'],"The adventures of motorcycle cops, from their academy days, to chasing crooked truckers.",[u'en'],[u'us'],,6.6,"{u'aged 45+': (147, 6.3), u'aged 30-44': (46, 6.5), u'females': (32, 7.5), u'females aged 30-44': (11, 7.5), 'all votes': (239, 6.4), u'females aged 45+': (17, 7.5), u'males': (173, 6.2), u'males aged 18-29': (6, 5.8), u'aged 18-29': (10, 6.5), u'males aged 30-44': (35, 6.1), u'non-us users': (76, 6.3), u'females aged 18-29': (4, 7.2), u'us users': (122, 6.3), u'top 1000 voters': (40, 6.2), u'males aged 45+': (126, 6.2)}","{1: 2, 2: 4, 3: 4, 4: 12, 5: 34, 6: 57, 7: 69, 8: 28, 9: 12, 10: 17}",7,"[u'police-academy', u'motorcycle-cop', u'hairy-chest', u'barbecue', u'gin-rummy', u'quicklime', u'cattle-rustling', u'slaughterhouse', u'cleaver', u'policeman', u'bare-chested-male']","[u""MGM's fastest drama on two wheels."", u'Lonely women seek excitement and romance with men of action in Code Two']"
0044230,actor,tv series,The Adventures of Ozzie and Harriet,1952,1.33 : 1,"[u'Comedy', u'Family']",[u'30::(435 episodes)'],7.5,835,"[u'Black and White', u'Color']","As the sons age, we go through their teenage dating problems, marriage and careers.",[u'en'],[u'us'],,7.6,"{u'aged 45+': (471, 7.6), u'imdb staff': (1, 1.0), u'aged 30-44': (143, 6.9), u'females': (191, 7.8), u'females aged 30-44': (46, 7.8), 'all votes': (835, 7.5), u'females aged 45+': (114, 7.9), u'males': (504, 7.3), u'aged 18-29': (57, 7.4), u'males aged 18-29': (36, 7.3), u'males aged 30-44': (96, 6.4), u'non-us users': (85, 7.1), u'females aged 18-29': (21, 7.6), u'us users': (539, 7.5), u'females under 18': (1, 10.0), u'aged under 18': (1, 10.0), u'top 1000 voters': (77, 7.0), u'males aged 45+': (355, 7.5)}","{1: 26, 2: 7, 3: 11, 4: 15, 5: 37, 6: 103, 7: 162, 8: 188, 9: 96, 10: 190}",8,"[u'marriage', u'brother-brother-relationship', u'sitcom']","[u""It looks like we don't have any Taglines for this title yet.""]"
0042111,actor,tv series,The George Burns and Gracie Allen Show,1950,1.33 : 1,[u'Comedy'],[u'30'],8.6,900,[u'Black and White'],Neighbor Blanche Morton frequently joins Gracie in escapades which annoy hubby Harry and provide George with an opportunity to offer a humorous soliloquy.,[u'en'],[u'us'],"[u'$35,000 (estimated)']",8.6,"{u'aged 45+': (512, 8.9), u'aged 30-44': (163, 7.8), u'females': (214, 8.6), u'females aged 30-44': (64, 8.1), 'all votes': (900, 8.6), u'females aged 45+': (117, 8.8), u'males': (540, 8.7), u'males aged 18-29': (36, 8.6), u'aged 18-29': (62, 8.7), u'males aged 30-44': (94, 7.5), u'non-us users': (83, 7.9), u'females aged 18-29': (26, 8.7), u'us users': (582, 8.7), u'top 1000 voters': (65, 8.2), u'males aged 45+': (391, 8.9)}","{1: 14, 2: 1, 3: 4, 4: 14, 5: 14, 6: 35, 7: 75, 8: 160, 9: 224, 10: 359}",9,"[u'character-name-in-series-title', u'actor-name-in-series-title', u'watching-tv', u'real-life-husband-and-wife-play-husband-and-wife', u'stars-married-in-real-life', u'joke', u'stand-up-comedian', u'vaudeville', u'double-act', u'comedy-team', u'comedienne', u'comedian', u'performer-name-in-title', u'mother-son-relationship', u'husband-wife-relationship', u'father-son-relationship', u'family-relationships', u'sitcom', u'breaking-the-fourth-wall', u'based-on-radio-show']","[u""You've HEARD them on radio, now SEE them on television!"", u'A sure-fire fun-treat for the entire family!']"
0045702,actor,movie,Down Among the Sheltering Palms,1953,1.37 : 1,"[u'Comedy', u'Musical', u'Romance']",[u'87'],5.5,73,[u'(Technicolor)'],War-weary Captain Willoby and his men are the occupation force on an island of lovely women...and are forbidden to fraternize.,[u'en'],[u'us'],,5.5,"{u'aged 45+': (37, 5.4), u'aged 30-44': (22, 5.7), u'females': (11, 5.7), u'females aged 30-44': (5, 4.6), 'all votes': (73, 5.5), u'females aged 45+': (5, 6.8), u'males': (49, 5.6), u'males aged 18-29': (2, 6.5), u'aged 18-29': (3, 6.3), u'males aged 30-44': (17, 5.9), u'non-us users': (17, 5.0), u'females aged 18-29': (1, 6.0), u'us users': (43, 5.7), u'top 1000 voters': (14, 5.3), u'males aged 45+': (30, 5.4)}","{1: 4, 2: 2, 3: 5, 4: 7, 5: 20, 6: 15, 7: 9, 8: 3, 9: 5, 10: 3}",5,"[u'island', u'captain', u'missionary', u'duty', u'u.s.-army', u'south-pacific', u'native-chief', u'military-governor', u'maiden', u'king', u'fraternizing', u'handmaiden', u'uncle-niece-relationship', u'song', u'dancing', u'witch-doctor', u'war-correspondent', u'usa', u'soldier', u'slang', u'singing', u'singer', u'sergeant', u'rule', u'reverend', u'radio-operator', u'post-world-war-two', u'photographer', u'palm-tree', u'pacific-ocean', u'newspaper-reporter', u'moonlight', u'misunderstanding', u'major', u'lieutenant', u'jeep', u'hula-dance', u'gift', u'gift-that-keeps-on-giving', u'flirt', u'dancer', u'dance-girl', u'corporal', u'colonel', u'beach', u'ban', u'army-officer', u'airplane', u'1940s']","[u""It looks like we don't have any Taglines for this title yet.""]"
0044419,actor,movie,The Big Sky,1952,1.37 : 1,"[u'Drama', u'Western']","[u'140', u'122::(edited version)', u'West Germany:95']",7.1,3217,[u'Black and White'],The success of the journey focuses on keeping the Indian girl alive as well as themselves to complete trade with the Blackfeet.,"[u'en', u'fr']",[u'us'],"[u'$2,000,000 (estimated)']",7.2,"{u'aged 45+': (1375, 7.1), u'imdb staff': (1, 7.0), u'aged 30-44': (973, 7.0), u'females': (233, 6.8), u'females aged 30-44': (79, 6.7), 'all votes': (3217, 7.1), u'females aged 45+': (117, 6.8), u'males': (2393, 7.1), u'aged 18-29': (258, 7.2), u'males aged 18-29': (225, 7.2), u'males aged 30-44': (882, 7.0), u'non-us users': (1525, 7.1), u'females aged 18-29': (30, 7.1), u'us users': (985, 7.1), u'females under 18': (1, 7.0), u'aged under 18': (1, 7.0), u'top 1000 voters': (255, 6.9), u'males aged 45+': (1248, 7.1)}","{1: 18, 2: 16, 3: 42, 4: 66, 5: 205, 6: 516, 7: 1031, 8: 718, 9: 300, 10: 305}",7,"[u'river', u'expedition', u'missouri-river', u'princess', u'henchman', u'frenchman', u'1830s', u'blackfoot-indian', u'trapper', u'fur-trader', u'gunfight', u'shootout', u'crow-indian', u'boat-on-fire', u'19th-century', u'wedding-celebration', u'hiding-behind-a-waterfall', u'cave-beneath-waterfall', u'killed-with-an-arrow', u'shot-with-an-arrow', u'arrow-through-neck', u'trading-post', u'kidnapped-woman', u'boat-fire', u'bonfire', u'fire', u'murder', u'stabbed-in-the-back', u'knife', u'campfire', u'eye-patch', u'catapult', u'scalp', u'finger-chopped-off', u'finger-cut-off', u'woman-overboard', u'indian-attack', u'sioux', u'rowboat', u'voice-over-narration', u'killing-a-snake', u'gun', u'rifle', u'jail-cell', u'barroom', u'st.-louis-missouri', u'punched-in-the-face', u'waterfall', u'rapids', u'tribe', u'cheyenne-indian', u'indian-village', u'retribution', u'revenge', u'boatman', u'rescue', u'arrow-in-neck', u'bow-and-arrow', u'explosion', u'settlement', u'american-west', u'frontier', u'deceit', u'deception', u'arson', u'powder-horn', u'attack', u'indian-chief', u'tobacco', u'pipe-smoking', u'whipping', u'whip', u'lashing', u'molester', u'cutthroat', u'ambush', u'fur-company', u'fort', u'whiskey', u'amputation', u'drinking', u'violence', u'scalping', u'uncle-nephew-relationship', u'kentucky', u'historical-fiction', u'bound-and-gagged', u'american-indian', u'kidnapping', u'keel-boat', u'native-american', u'native-americans-adopt-white-man', u'boat', u'based-on-novel']","[u'Mighty drama of the adventure that battered down the barriers to the great Northwest! (original poster)', u'She was a hostage - beautiful, silent, smoldering with hate...her presence lighted the torch of desire...and shattering conflict! (original poster)', u'The stirring tales of the pioneers who blazed America\'s trails were told in ""The Covered Wagon""...""Cimarron""...and ""Red River""...(re-release poster)', u'And now...for the first time...comes the towering story of the men who battered down the barriers to the untamed northwest and linked it with a great new Nation! (re-release poster)', u'Giant Adventure of All Time!', u'Theirs the great adventure... (original one-sheet poster)']"
0045323,actor,movie,What Price Glory,1952,1.37 : 1,"[u'Comedy', u'Drama', u'Musical', u'Romance', u'War']",[u'111'],6.3,937,[u'(Technicolor)'],"The wartime romantic misadventures of Captain Flagg, commander of a company of US Marines in 1918 France.","[u'en', u'fr']",[u'us'],,6.4,"{u'aged 45+': (496, 6.3), u'aged 30-44': (198, 6.3), u'females': (62, 6.1), u'females aged 30-44': (20, 5.9), 'all votes': (937, 6.3), u'females aged 45+': (37, 6.1), u'males': (701, 6.3), u'males aged 18-29': (59, 6.3), u'aged 18-29': (64, 6.4), u'males aged 30-44': (177, 6.3), u'non-us users': (310, 6.1), u'females aged 18-29': (5, 7.1), u'us users': (430, 6.4), u'top 1000 voters': (118, 6.1), u'males aged 45+': (453, 6.3)}","{1: 25, 2: 15, 3: 21, 4: 56, 5: 119, 6: 233, 7: 273, 8: 90, 9: 44, 10: 61}",6,"[u'marines', u'military-uniform', u'u.s.-military', u'american-abroad', u'trench-warfare', u'world-war-one', u'nun', u'unrequited-love', u'shrapnel', u'prisoner-of-war', u'poker', u'military', u'medic', u'male-bonding', u'love-triangle', u'honor', u'frontline', u'duty', u'camaraderie', u'beer', u'barbed-wire', u'army', u'1910s', u'remake', u'based-on-play', u'title-spoken-by-character', u'catholic-schoolgirl']","[u'The Glory Story of Them All!', u'The New ""What Price Glory"" [as opposed to the classic 1926 silent version]']"
0044513,actor,movie,Confidence Girl,1952,1.37 : 1,"[u'Crime', u'Drama']",[u'81'],6.0,121,[u'Black and White'],"Two conartists swindle a Los Angeles department store out of a mink coat, cheat a pawnbroker out of $8000 and leave the police baffled.",[u'en'],[u'us'],,6.1,"{u'aged 45+': (86, 6.0), u'aged 30-44': (12, 6.3), u'females': (13, 6.6), 'all votes': (121, 6.0), u'females aged 45+': (9, 6.8), u'males': (86, 6.0), u'females aged 30-44': (1, 1.0), u'aged 18-29': (3, 7.7), u'males aged 30-44': (11, 6.8), u'non-us users': (15, 5.9), u'females aged 18-29': (3, 7.7), u'us users': (87, 6.1), u'top 1000 voters': (24, 6.0), u'males aged 45+': (73, 5.9)}","{1: 1, 2: 3, 3: 3, 4: 12, 5: 22, 6: 34, 7: 24, 8: 14, 9: 3, 10: 5}",6,,"[u""SHE'LL GIVE YOU A HARD TIME! The cops from coast-to-coast are looking for her and so are the men!""]"
0045334,actor,movie,Without Warning!,1952,1.37 : 1,"[u'Crime', u'Drama', u'Film-Noir', u'Thriller']",[u'77'],6.7,322,[u'Black and White'],"Quiet, unobtrusive LA citizen Carl Martin picks up look-alikes for his estranged blonde wife and murders them with garden shears.",[u'en'],[u'us'],,6.7,"{u'aged 45+': (170, 6.8), u'aged 30-44': (85, 6.4), u'females': (32, 6.5), u'females aged 30-44': (11, 6.5), 'all votes': (322, 6.7), u'females aged 45+': (16, 6.7), u'males': (234, 6.7), u'males aged 18-29': (10, 6.6), u'aged 18-29': (15, 6.4), u'males aged 30-44': (74, 6.4), u'non-us users': (125, 6.4), u'females aged 18-29': (5, 5.9), u'us users': (125, 6.7), u'top 1000 voters': (41, 6.5), u'males aged 45+': (148, 6.8)}","{1: 3, 2: 4, 3: 4, 4: 14, 5: 30, 6: 72, 7: 115, 8: 36, 9: 23, 10: 21}",7,"[u'blonde', u'clue', u'garden-shears', u'victim', u'radio', u'laboratory', u'killer', u'infidelity', u'greenhouse', u'gardener', u'murder', u'bare-chested-male', u'voice-over-narration', u'father-daughter-relationship', u'woman-killer', u'violence', u'truck-driver', u'taxi', u'suspect', u'stabbing', u'stabbed-to-death', u'serial-killer', u'psychiatrist', u'police-dispatching', u'police-car', u'photographer', u'newspaper-story', u'murderer', u'murder-weapon', u'murder-victim', u'motel', u'los-angeles-california', u'killing', u'investigator', u'investigation', u'insanity', u'handcuffs', u'forensic-science', u'evidence', u'drinking', u'doctor', u'detective', u'death', u'damsel-in-distress', u'coroner', u'cigarette-smoking', u'cheating-wife', u'bartender', u'1950s', u'independent-film']","[u'The high-voltage shock story that shows how he picked them up... how he kissed them... how he killed them! (US one-sheet)', u'KILL! KILL! KILL! (US half-sheet, all caps)', u'LOVE-KILLER STRIKES AGAIN! (US posters, all caps)', u""He can't help it... When they kiss him he loses control... AND HAS TO KILL! (US half-sheet)"", u'All Blonde... All Beautiful... All Bait!']"
0045074,actor,movie,Red Skies of Montana,1952,1.37 : 1,"[u'Action', u'Adventure', u'Drama', u'Romance']",[u'99'],6.6,336,[u'(Technicolor)'],Drama dealing with the hazardous work of the U. S. Forest Service's paratroop fire-fighters in Montana.,[u'en'],[u'us'],,6.8,"{u'aged 45+': (211, 6.6), u'aged 30-44': (43, 6.3), u'females': (33, 6.4), u'females aged 30-44': (8, 6.3), 'all votes': (336, 6.6), u'females aged 45+': (22, 6.1), u'males': (238, 6.6), u'males aged 18-29': (10, 6.4), u'aged 18-29': (12, 6.9), u'males aged 30-44': (35, 6.3), u'non-us users': (122, 6.3), u'females aged 18-29': (2, 8.5), u'us users': (137, 6.9), u'top 1000 voters': (55, 6.4), u'males aged 45+': (186, 6.6)}","{1: 1, 2: 3, 3: 3, 4: 16, 5: 39, 6: 82, 7: 90, 8: 52, 9: 16, 10: 34}",7,"[u'ranger', u'montana', u'mountain', u'forest-ranger', u'fire', u'coward', u'backfire', u'dynamite', u'tree-climbing', u'electrocution', u'amnesia', u'id-bracelet', u'wristwatch', u'motorcycle', u'pool', u'lightning', u'smokejumper', u'father-son-relationship', u'usa', u'telegraph', u'telegraph-operator', u'slang', u'river', u'revenge', u'pilot', u'peril', u'parachuting', u'parachute', u'nurse', u'helicopter', u'helicopter-pilot', u'hatred', u'forestry-service', u'foreman', u'firefighter', u'fire-truck', u'doctor', u'dispatch', u'danger', u'co-pilot', u'cigarette-smoking', u'bravery', u'barracks', u'arson', u'airplane', u'1950s', u'death-of-father', u'based-on-novel']","[u'The ""Smoke Jumpers"" hit the screen in Red Skies of Montana']"
0179868,actor,movie,Indian Uprising,1952,1.37 : 1,[u'Western'],[u'75'],6.0,143,[u'(Supercinecolor)'],"In 1885 Arizona, prospectors illegally dig for gold on Apache lands, triggering an Apache retaliation against white settlers and trespassing miners, while the Army tries keeping the peace.",[u'en'],[u'us'],,6.0,"{u'aged 45+': (85, 6.0), u'aged 30-44': (27, 5.9), u'females': (5, 5.6), 'all votes': (143, 6.0), u'females aged 45+': (4, 6.0), u'males': (111, 6.0), u'males aged 18-29': (2, 6.5), u'aged 18-29': (3, 6.3), u'males aged 30-44': (27, 5.9), u'non-us users': (58, 5.7), u'females aged 18-29': (1, 6.0), u'us users': (52, 6.3), u'top 1000 voters': (33, 5.5), u'males aged 45+': (80, 6.0)}","{1: 1, 2: 3, 3: 6, 4: 9, 5: 29, 6: 46, 7: 34, 8: 6, 9: 3, 10: 6}",6,"[u'1885', u'arizona-territory', u'apache-territory', u'apache-indian', u'apache', u'arizona', u'settler', u'politician', u'gunfight', u'frame-up', u'hostage', u'fort', u'fistfight', u'bow-and-arrow', u'ambush', u'treachery', u'geronimo', u'u.s.-army', u'indian-treaty', u'uprising', u'gold-miner', u'confession', u'indian-reservation', u'tucson-arizona', u'19th-century', u'year-1885', u'indian-uprising', u'native-american', u'1880s']",[u'The End of the Mighty Apache Nation!']
0043170,actor,tv series,Adventures of Wild Bill Hickok,1951,1.33 : 1,[u'Western'],[u'30::(113 episodes)'],8.0,120,"[u'Black and White', u'Color']","Hickok rode Buckshot and 300-pound Jingles rode Joker. Jingles described Hickok as ""the bravest, Strongest, fightingest U.S. Marshal in the whole West."" And that's about it: he beat up all the bad guys and somehow kept his good looks.",[u'en'],[u'us'],"[u'$25,000 (estimated)']",8.1,"{u'aged 45+': (89, 7.9), u'aged 30-44': (7, 8.2), u'females': (13, 7.7), u'females aged 30-44': (3, 9.3), 'all votes': (120, 8.0), u'females aged 45+': (8, 8.2), u'males': (89, 7.9), u'males aged 18-29': (2, 8.5), u'aged 18-29': (3, 6.0), u'males aged 30-44': (4, 8.0), u'non-us users': (13, 7.7), u'females aged 18-29': (1, 1.0), u'us users': (84, 7.9), u'top 1000 voters': (25, 7.6), u'males aged 45+': (80, 7.9)}","{1: 1, 2: 0, 3: 1, 4: 3, 5: 3, 6: 11, 7: 19, 8: 33, 9: 16, 10: 33}",8,"[u'u.s.-marshal', u'marshal', u'deputy', u'deputy-marshal', u'character-name-in-title']","[u""It looks like we don't have any Taglines for this title yet.""]"
0044216,actor,movie,The Wild Blue Yonder,1951,1.37 : 1,"[u'Drama', u'War']",[u'98'],6.6,68,[u'Black and White'],Training Boeing B-29 Superfortress Crew.,[u'en'],[u'us'],,6.6,"{u'aged 45+': (45, 6.5), u'aged 30-44': (6, 5.7), u'females': (2, 8.0), 'all votes': (68, 6.6), u'females aged 45+': (1, 10.0), u'males': (51, 6.4), u'males aged 18-29': (2, 4.0), u'aged 18-29': (3, 4.7), u'males aged 30-44': (6, 5.7), u'non-us users': (27, 6.1), u'females aged 18-29': (1, 6.0), u'us users': (24, 6.7), u'top 1000 voters': (15, 6.3), u'males aged 45+': (43, 6.5)}","{1: 1, 2: 0, 3: 0, 4: 5, 5: 11, 6: 17, 7: 16, 8: 11, 9: 2, 10: 5}",6,"[u'aviation', u'world-war-two']",[u'HELL-RIDERS OF THE SKY!']
0044036,actor,movie,Silver City,1951,1.37 : 1,[u'Western'],[u'90'],5.8,141,[u'(Technicolor)'],"Having masterminded the hold up of his company office, a mining engineer is barred from the industry. He then sets up shop as an assayer, scheming to acquire a rich silver mine lease from its operators.",[u'en'],[u'us'],,5.8,"{u'males aged 30-44': (20, 5.6), u'females': (2, 6.5), u'females aged 30-44': (2, 6.5), 'all votes': (141, 5.8), u'males': (113, 6.0), u'males aged 18-29': (3, 7.3), u'aged 18-29': (3, 7.3), u'aged 30-44': (23, 5.6), u'non-us users': (56, 6.1), u'aged 45+': (89, 6.0), u'us users': (56, 5.8), u'top 1000 voters': (34, 5.8), u'males aged 45+': (88, 6.0)}","{1: 3, 2: 2, 3: 9, 4: 11, 5: 28, 6: 44, 7: 26, 8: 7, 9: 6, 10: 5}",6,"[u'lease', u'assayer', u'mining-engineer', u'silver', u'mine', u'silver-mine', u'gun', u'sawmill', u'brawl', u'kiss', u'shot-to-death', u'chute', u'explosion', u'dynamite', u'horse-riding', u'breaking-a-window', u'drunken-man', u'hired-gun', u'husband-wife-relationship', u'jumping-into-water', u'train', u'ex-fiancee', u'knocked-unconscious', u'hit-with-a-rock', u'hit-on-the-head', u'punched-in-the-face', u'fistfight', u'saloon-brawl', u'lumber-mill', u'mining-company', u'shooting', u'gunshot', u'friend-turned-foe', u'ore', u'miner']","[u""It looks like we don't have any Taglines for this title yet.""]"
0042093,actor,tv series,The Cisco Kid,1950,1.33 : 1,[u'Western'],[u'30::(156 episodes)'],7.4,392,"[u'Black and White', u'Color']",The Cisco Kid and his English-mangling sidekick Pancho travel the old west in the grand tradition of the Lone Ranger...,[u'en'],[u'us'],,7.5,"{u'aged 45+': (257, 7.5), u'aged 30-44': (58, 6.8), u'females': (53, 7.8), u'females aged 30-44': (19, 7.7), 'all votes': (392, 7.4), u'females aged 45+': (29, 7.5), u'males': (276, 7.3), u'aged 18-29': (8, 9.0), u'males aged 18-29': (4, 8.2), u'males aged 30-44': (37, 6.2), u'non-us users': (46, 6.8), u'females aged 18-29': (4, 9.8), u'us users': (252, 7.5), u'females under 18': (1, 8.0), u'aged under 18': (1, 8.0), u'top 1000 voters': (52, 7.1), u'males aged 45+': (226, 7.5)}","{1: 5, 2: 6, 3: 6, 4: 14, 5: 20, 6: 48, 7: 81, 8: 82, 9: 44, 10: 86}",8,"[u'sidekick', u'cisco-kid', u'bandolero', u'mine', u'miner', u'prosecutor', u'water', u'cattle-baron', u'robbery', u'lynch', u'lynching', u'gunfight', u'gunmen', u'hanging', u'prison', u'henchmen', u'rustler', u'cattle', u'cattle-rustler', u'foreman', u'bank', u'deputy', u'townspeople', u'murder', u'murderer', u'u.s.-marshal', u'marshal', u'sheriff', u'town', u'horse', u'ranch', u'banker', u'outlaw', u'mexico', u'mexican', u'officer', u'law', u'law-against-gunfighting', u'desperado', u'character-name-in-title']","[u""It looks like we don't have any Taglines for this title yet.""]"
0044106,actor,movie,The Tanks Are Coming,1951,1.37 : 1,"[u'Action', u'Drama', u'War']",[u'90'],6.4,188,[u'Black and White'],An American tank crew fights its way into Germany in World War II.,[u'en'],[u'us'],,6.5,"{u'aged 45+': (133, 6.5), u'aged 30-44': (22, 5.8), u'females': (10, 7.0), u'females aged 30-44': (3, 7.0), 'all votes': (188, 6.4), u'females aged 45+': (5, 6.3), u'males': (152, 6.4), u'males aged 18-29': (6, 5.1), u'aged 18-29': (8, 6.1), u'males aged 30-44': (18, 5.7), u'non-us users': (50, 6.0), u'females aged 18-29': (2, 8.0), u'us users': (105, 6.6), u'top 1000 voters': (35, 6.2), u'males aged 45+': (125, 6.5)}","{1: 2, 2: 2, 3: 3, 4: 10, 5: 28, 6: 48, 7: 52, 8: 22, 9: 11, 10: 10}",7,"[u'tank', u'american-army', u'nazi-germany', u'world-war-two', u'tank-battle', u'tank-crew']","[u""The Happy, Scrappy Story of those Hit-'Em-First Heroes!""]"
0043525,actor,movie,Father Takes the Air,1951,,[u'Comedy'],[u'61'],5.1,7,[u'Black and White'],"This entry in Monogram's ""Latham Family Series"" finds Barbara Latham (), the daughter...",[u'en'],[u'us'],,5.1,"{u'us users': (4, 5.2), u'males': (7, 5.0), 'all votes': (7, 5.1), u'top 1000 voters': (3, 6.3), u'aged 45+': (7, 5.0), u'non-us users': (3, 5.0), u'males aged 45+': (7, 5.0)}","{1: 1, 2: 0, 3: 1, 4: 0, 5: 1, 6: 1, 7: 3, 8: 0, 9: 0, 10: 0}",6,"[u'mayor', u'mother-son-relationship', u'mother-daughter-relationship', u'father-son-relationship', u'father-daughter-relationship', u'brother-sister-relationship', u'deception', u'double-cross', u'world-war-two-veteran', u'world-war-one-veteran', u'small-town-life', u'newspaper-reporter', u'charter-flight', u'flying-lesson', u'competition', u're-election', u'police-chief', u'las-vegas-nevada']","[u""It looks like we don't have any Taglines for this title yet.""]"
0043565,actor,movie,The Frogmen,1951,1.37 : 1,"[u'Adventure', u'War', u'Drama']",[u'96'],6.7,867,[u'Black and White'],"The new commander of a Navy Underwater Demolition Team--nicknamed ""Frogmen""--must earn the respect of the men in his unit, who are still grieving over the death of their former commander and resentful of the new one.",[u'en'],[u'us'],,6.8,"{u'aged 45+': (498, 6.7), u'imdb staff': (1, 6.0), u'aged 30-44': (160, 6.4), u'females': (69, 7.2), u'females aged 30-44': (21, 6.4), 'all votes': (867, 6.7), u'females aged 45+': (41, 7.5), u'males': (628, 6.6), u'males aged 18-29': (31, 6.9), u'males under 18': (1, 7.0), u'aged 18-29': (36, 7.1), u'males aged 30-44': (137, 6.4), u'non-us users': (298, 6.3), u'females aged 18-29': (5, 8.1), u'us users': (368, 6.9), u'females under 18': (1, 3.0), u'aged under 18': (2, 5.0), u'top 1000 voters': (122, 6.4), u'males aged 45+': (452, 6.7)}","{1: 11, 2: 4, 3: 11, 4: 32, 5: 95, 6: 202, 7: 262, 8: 126, 9: 50, 10: 74}",7,"[u'demolition', u'underwater', u'torpedo', u'world-war-two', u'cannon', u'commando-unit', u'commando-mission', u'commando', u'war-violence', u'violence', u'bomb', u'demolition-crew', u'explosion', u'underwater-fight', u'swimming', u'martial-arts', u'judo-throw', u'judo', u'goggles', u'disarming-someone', u'knife-fighting', u'knife', u'naval-combat', u'combat', u'battleship', u'battle', u'ocean', u'sea', u'sea-battle', u'atlantic-ocean', u'cigarette-smoking', u'underwater-photography', u'disarming-a-bomb', u'man-wearing-towel', u'bare-chested-male', u'frogman', u'military', u'scuba-diving', u'based-on-true-story']","[u""UNCLE SAM'S UNDERWATER COMMANDOS! (original print ad - all caps)""]"
0043590,actor,movie,Go for Broke!,1951,1.37 : 1,"[u'Drama', u'History', u'War']",[u'92'],6.8,990,[u'Black and White'],The story of Japanese-American soldiers who fought in Europe during World War II.,"[u'en', u'ja', u'it', u'haw', u'de', u'fr']",[u'us'],"[u'$1,337,000 (estimated)']",7.0,"{u'aged 45+': (534, 6.8), u'imdb staff': (1, 7.0), u'aged 30-44': (188, 6.8), u'females': (73, 7.0), u'females aged 30-44': (19, 7.1), 'all votes': (990, 6.8), u'females aged 45+': (43, 7.0), u'males': (708, 6.8), u'males aged 18-29': (42, 7.5), u'aged 18-29': (53, 7.3), u'males aged 30-44': (167, 6.8), u'non-us users': (244, 6.4), u'females aged 18-29': (11, 6.6), u'us users': (500, 7.0), u'top 1000 voters': (109, 6.6), u'males aged 45+': (484, 6.8)}","{1: 11, 2: 8, 3: 13, 4: 29, 5: 80, 6: 190, 7: 325, 8: 183, 9: 68, 10: 83}",7,"[u'japanese-american', u'442nd-regimental-combat-team', u'pidgin', u'heroes', u'white-glove-test', u'nisei', u'soldier', u'prejudice', u'italy', u'battle', u'1943', u'training', u'nazi', u'france', u'military', u'european-theater', u'italian', u'photograph-of-sweetheart', u'homesickness', u'racial-prejudice', u'boot-camp', u'pearl-harbor', u'japanese-internment', u'gi', u'haircut', u'boots', u'cat', u'ukelele', u'asian', u'military-parade', u'harry-s-truman', u""hero's-welcome"", u'm1-carbine-rifle', u'clearing-land-mines', u'piper-cub', u'casualties', u'reference-to-the-buddha', u'starving-child', u'ancient-ruins', u'reference-to-caesar', u'reference-to-napoleon', u'reference-to-charlemagne', u'pet-pig', u'mail-call', u'devastation', u'jeep', u'afternoon-delight', u'travel-guide', u'shipwreck', u'complaining', u'troop-transport', u'singing', u'military-music', u'obstacle-course', u'inspection', u'barracks', u'dice-game', u'craps', u'skeptic', u'ukulele', u'military-training', u'reference-to-franklin-d.-roosevelt', u'1945', u'1944', u'mississippi', u'suicide-mission', u'decoration', u'military-medal', u'commando-mission', u'commando-unit', u'commando', u'ambush', u'hand-grenade', u'm1-rifle', u'behind-enemy-lines', u'martial-arts', u'bombardment', u'explosion', u'german-army', u'showdown', u'battlefield', u'hero', u'war-violence', u'family-relationships', u'cigarette-smoking', u'casualty-of-war', u'wine', u'train', u'texan', u'tank', u'strategy', u'shot-in-the-leg', u'shot-in-the-arm', u'short-man', u'rosary', u'racial-slur', u'quarter', u'priest', u'poverty', u'piano', u'password', u'mortar', u'medic', u'marching', u'machine-gun', u'loss-of-pet', u'loss-of-friend', u'letter', u'judo', u'italian-woman', u'internment-camp', u'hawaiian', u'hand-to-hand-combat', u'grapes', u'grade-school-teacher', u'frenchwoman', u'fistfight', u'fiancee', u'farmer', u'change-of-heart', u'catholic', u'buddhist', u'biblical-reference', u'baby-crying', u'world-war-two', u'uniform', u'steel-helmet', u'american-soldier', u'u.s.-army', u'imperative-in-title', u'internment', u'lost-battalion', u'100th-infantry-battalion', u'pig', u'racism', u'asian-american', u'based-on-true-story', u'exclamation-point-in-title', u'three-word-title', u'fictionalized-account', u'on-location', u'studio-backlot', u'title-spoken-by-character']","[u'Go For Broke! (means shoot the works!)', u'The HEROES of the 442nd Regimental Combat Team', u'The amazing untold story - The heroes of the 442nd Regimental Combat Team!']"
0120956,actor,tv series,Family Theatre,1949,1.33 : 1,[u'Drama'],[u'60'],7.1,31,"[u'Black and White', u'Color']",,[u'en'],[u'us'],,7.1,"{u'aged 45+': (16, 7.4), u'aged 30-44': (7, 5.9), u'females': (6, 5.6), u'females aged 30-44': (1, 6.0), 'all votes': (31, 7.1), u'females aged 45+': (2, 10.0), u'males': (21, 7.0), u'males aged 18-29': (1, 7.0), u'aged 18-29': (5, 5.3), u'males aged 30-44': (6, 5.9), u'non-us users': (5, 4.0), u'females aged 18-29': (3, 4.0), u'us users': (20, 7.0), u'top 1000 voters': (10, 6.3), u'males aged 45+': (13, 7.0)}","{1: 2, 2: 2, 3: 2, 4: 0, 5: 2, 6: 2, 7: 5, 8: 4, 9: 1, 10: 11}",8,[u'religion'],"[u""It looks like we don't have any Taglines for this title yet.""]"
0043887,actor,movie,Operation Pacific,1951,1.37 : 1,"[u'Drama', u'War']","[u'111', u'West Germany:98']",6.7,2551,[u'Black and White'],"During WWII, a submarine's second in command inherits the problem of torpedoes that don't explode. When on shore, he is eager to win back his ex-wife.",[u'en'],[u'us'],,6.9,"{u'aged 45+': (1395, 6.8), u'imdb staff': (1, 7.0), u'aged 30-44': (502, 6.6), u'females': (225, 7.1), u'females aged 30-44': (52, 7.1), 'all votes': (2551, 6.7), u'females aged 45+': (147, 7.0), u'males': (1841, 6.7), u'males aged 18-29': (119, 6.6), u'aged 18-29': (143, 6.8), u'males aged 30-44': (448, 6.5), u'non-us users': (732, 6.3), u'females aged 18-29': (22, 7.8), u'us users': (1171, 7.0), u'top 1000 voters': (200, 6.4), u'males aged 45+': (1231, 6.8)}","{1: 39, 2: 13, 3: 28, 4: 76, 5: 253, 6: 585, 7: 777, 8: 371, 9: 160, 10: 249}",7,"[u'submarine', u'nurse', u'navy', u'orphan', u'aircraft-carrier', u'1940s', u'u.s.-navy', u'naval-uniform', u'q-ship', u'girl', u'boy', u'world-war-two', u'watching-a-movie', u'ukulele', u'torpedo', u'torpedo-tube', u'sunken-submarine', u'submariner', u'submarine-attack', u'sinking-ship', u'shot-in-the-shoulder', u'romantic-kiss', u'reference-to-jesus-christ', u'reference-to-george-washington', u'passionate-kiss', u'nun', u'navy-ship', u'mourning-for-son', u""mourning-one's-friend"", u'lieutenant', u'jungle', u'jail', u'hula-skirt', u'hawaii', u'hawaiian-man', u'group-of-children', u'fighter-pilot', u'explosion', u'ex-spouses-back-together', u'ex-husband-ex-wife-relationship', u'drunkenness', u'drunken-man', u'divorce', u'divorcee', u'death-of-brother', u'dance-floor', u'church', u'brother-brother-relationship', u'baby', u'naval-battle', u'u-boat', u'death-of-friend']","[u'Sub Raiders Throw an Underwater Uppercut for Uncle Sam!', u'Up From The Floor Of The Sea To A High Mark In Excitement!', u'He\'s Skipper ""Duke"" Gifford Who Could Put A Torpedo Through A Needle...And Sew Up A Date With A Laugh!']"
0043201,actor,tv series,Front Page Detective,1951,1.33 : 1,"[u'Crime', u'Drama', u'Mystery']",[u'30'],6.0,23,[u'Black and White'],A newspaper columnist who helps police solve especially difficult mysteries. The title derived from a popular mystery magazine of the same name.,[u'en'],[u'us'],,6.0,"{u'males aged 30-44': (2, 6.5), u'females': (3, 7.7), 'all votes': (23, 6.0), u'females aged 45+': (3, 7.7), u'males': (19, 5.6), u'males aged 18-29': (2, 6.0), u'aged 18-29': (2, 6.0), u'aged 30-44': (2, 6.5), u'non-us users': (6, 5.9), u'aged 45+': (18, 5.9), u'us users': (14, 5.8), u'top 1000 voters': (8, 5.9), u'males aged 45+': (15, 5.5)}","{1: 2, 2: 1, 3: 0, 4: 1, 5: 4, 6: 4, 7: 5, 8: 5, 9: 0, 10: 1}",6,"[u'detective', u'early-television']","[u""It looks like we don't have any Taglines for this title yet.""]"
0043072,actor,movie,Tripoli,1950,1.37 : 1,"[u'Action', u'Adventure', u'History', u'Romance', u'War']",[u'95'],6.0,281,[u'(Technicolor)'],"In 1805, the United States battles the pirates of Tripoli as the Marines fight to raise the American flag",[u'en'],[u'us'],,6.0,"{u'aged 45+': (163, 6.1), u'aged 30-44': (50, 5.7), u'females': (25, 5.9), u'females aged 30-44': (10, 5.7), 'all votes': (281, 6.0), u'females aged 45+': (13, 5.9), u'males': (202, 6.0), u'males aged 18-29': (8, 5.1), u'aged 18-29': (10, 5.3), u'males aged 30-44': (40, 5.7), u'non-us users': (84, 5.6), u'females aged 18-29': (2, 8.0), u'us users': (130, 6.2), u'top 1000 voters': (58, 6.0), u'males aged 45+': (147, 6.1)}","{1: 6, 2: 6, 3: 9, 4: 25, 5: 56, 6: 78, 7: 51, 8: 23, 9: 8, 10: 19}",6,"[u'tripoli', u'pirate', u'warship', u'u.s.-marine-corps', u'riff-raff', u'port', u'pasha', u'freedom', u'disguise', u'desert', u'brother', u'battle', u'redheaded-woman', u'united-states-of-america', u'one-word-title', u'place-name-in-title', u'american-soldier', u'violation-of-rights', u'u.s.-navy', u'sacrifice', u'ruse', u'ruler', u'overthrow', u'muslim', u'libya', u'infidel', u'historical-fiction', u'harem', u'french-girl', u'diplomat', u""diplomat's-daughter"", u'dance-girl', u'arab', u'1800s']","[u'From the halls of Montezuma to the shores of Tripoli ... the guts-and-glory story of the U.S. Marines!', u'They stormed the fortress capital of the Barbary Pirates ... and marched straight into history!']"
0043045,actor,movie,Three Secrets,1950,1.37 : 1,[u'Drama'],[u'98'],7.1,326,[u'Black and White'],A five-year-old boy is the sole survivor of a devastating plane crash in the mountains of California...,[u'en'],[u'us'],,7.2,"{u'aged 45+': (173, 6.9), u'imdb staff': (1, 8.0), u'aged 30-44': (68, 7.4), u'females': (44, 7.3), u'females aged 30-44': (12, 7.5), 'all votes': (326, 7.1), u'females aged 45+': (25, 7.3), u'males': (216, 7.0), u'males aged 18-29': (8, 7.0), u'aged 18-29': (15, 7.0), u'males aged 30-44': (56, 7.3), u'non-us users': (153, 6.7), u'females aged 18-29': (7, 7.1), u'us users': (92, 7.6), u'top 1000 voters': (55, 6.6), u'males aged 45+': (147, 6.8)}","{1: 3, 2: 1, 3: 6, 4: 14, 5: 29, 6: 31, 7: 109, 8: 69, 9: 26, 10: 38}",7,"[u'mountain', u'sole-survivor', u'rescue', u'california', u'adoption', u'pregnant-woman', u'pregnant-wife', u'pregnancy', u'pregnant', u'maternity-revealed', u'maternity-ward', u'expectant-father', u'expectant-mother', u'pregnancy-and-incarceration', u'vigil', u'teletype', u'stretcher', u'sierra-nevada-mountains', u'secret', u'rescue-attempt', u'reporter', u'radio-broadcast', u'press-room', u'newspaper-headline', u'new-york', u'murder', u'mountaineer', u'flashback', u'falling-rock', u'adoption-agency', u'pregnant-prisoner', u'airplane-crash', u'orphan', u'birth-mother', u'airplane-accident', u'number-in-title']","[u""It looks like we don't have any Taglines for this title yet.""]"
0042792,actor,movie,No Way Out,1950,1.37 : 1,"[u'Crime', u'Drama', u'Film-Noir', u'Thriller']",[u'106'],7.5,3214,[u'Black and White'],"A black doctor is assigned to treat two racist White, robbery suspects who are brothers, and when one dies, it causes tension that could start a race riot.","[u'en', u'ase']",[u'us'],,7.5,"{u'aged 45+': (1305, 7.5), u'imdb staff': (1, 7.0), u'aged 30-44': (1010, 7.4), u'females': (445, 7.7), u'females aged 30-44': (151, 7.7), 'all votes': (3214, 7.5), u'females aged 45+': (199, 7.7), u'males': (2236, 7.4), u'aged 18-29': (336, 7.5), u'males aged 18-29': (250, 7.5), u'males aged 30-44': (843, 7.4), u'non-us users': (1174, 7.3), u'females aged 18-29': (85, 7.7), u'us users': (1380, 7.6), u'females under 18': (1, 9.0), u'aged under 18': (1, 9.0), u'top 1000 voters': (262, 7.3), u'males aged 45+': (1093, 7.4)}","{1: 31, 2: 18, 3: 21, 4: 45, 5: 121, 6: 322, 7: 979, 8: 1010, 9: 412, 10: 255}",8,"[u'racism', u'riot', u'doctor', u'hospital', u'black-doctor', u'race-riot', u'autopsy', u'tumor', u'spinal-tap', u'shot-in-the-leg', u'facial-scar', u'criminal', u'sambo', u'black-versus-white', u'fooling-a-guard', u'planning-a-murder', u'deaf-and-dumb', u'preventing-a-murder', u'false-confession-to-murder', u'false-confession', u'prostitute', u'sign-language', u'african-american-slur', u'african-american-surgeon', u'poverty', u'race-relations', u'racist-prisoner', u'anti-racism', u'gasoline-station-robbery', u'skirt', u'scarf', u'siren', u'radio', u'bleeding', u'tourniquet', u'flare-gun', u'broken-door', u'kidnapping', u'surprise-attack', u'spit-in-the-face', u'smoking', u'shot-in-the-arm', u'scandal', u'racial-violence', u'racial-slur', u'punched-in-the-face', u'mute-villain', u'injured-leg', u'husband-wife-relationship', u'hostage', u'handcuffs', u'flare', u'fight', u'false-accusation', u'extreme-pain', u'ex-husband-ex-wife-relationship', u'deputy-sheriff', u'death-of-brother', u'deaf-mute', u'crutch', u'chain', u'brother-brother-relationship', u'brother-sister-relationship', u'bank-robber', u'african-american', u'accused-of-murder', u'revenge', u'racial-prejudice']",[u'Is it a question ...or an answer']
0042315,actor,movie,The Cariboo Trail,1950,1.37 : 1,[u'Western'],[u'81'],5.9,434,[u'(Cinecolor)'],Montanans Jim Redfern and Mike Evans head into Canada's British Columbia via the Cariboo Trail intent to raise cattle and dig for gold but find trouble instead.,[u'en'],[u'us'],,6.0,"{u'aged 45+': (262, 5.9), u'aged 30-44': (63, 5.8), u'females': (32, 6.1), u'females aged 30-44': (10, 5.7), 'all votes': (434, 5.9), u'females aged 45+': (18, 6.0), u'males': (308, 5.8), u'males aged 18-29': (7, 5.3), u'aged 18-29': (10, 6.4), u'males aged 30-44': (53, 5.8), u'non-us users': (148, 5.6), u'females aged 18-29': (3, 8.7), u'us users': (181, 6.0), u'top 1000 voters': (90, 5.5), u'males aged 45+': (240, 5.9)}","{1: 5, 2: 6, 3: 13, 4: 43, 5: 86, 6: 138, 7: 80, 8: 26, 9: 15, 10: 22}",6,"[u'gold', u'stampede', u'prospector', u'partner', u'montana', u'toll-bridge', u'saloon-keeper', u'widow', u'cook', u'indian', u'amputee', u'chinese-american', u'friendship', u'cattle-drive', u'british-columbia-canada']","[u'Fighting mad-meeting trouble with flaming guns.', u'As gold fever sweeps through the land, it takes blood to make a fortune.', u'Between majestic mountain and frozen waste lay the Cariboo trail ... gateway to gold, greed and glory !']"
0042669,actor,movie,The Lawless,1950,1.37 : 1,"[u'Crime', u'Drama', u'Film-Noir', u'Thriller']",[u'83'],6.9,307,[u'Black and White'],"A newspaper editor in a small agricultural town finds himself going against the people in the town when he gets involved in the plight of the area's fruit pickers, who are mostly Mexican.","[u'en', u'es']",[u'us'],,6.9,"{u'aged 45+': (157, 7.0), u'aged 30-44': (83, 6.8), u'females': (15, 6.8), u'females aged 30-44': (5, 6.9), 'all votes': (307, 6.9), u'females aged 45+': (8, 6.9), u'males': (242, 6.9), u'males aged 18-29': (16, 6.7), u'aged 18-29': (18, 6.6), u'males aged 30-44': (76, 6.8), u'non-us users': (136, 6.8), u'females aged 18-29': (2, 6.0), u'us users': (119, 7.0), u'top 1000 voters': (63, 7.1), u'males aged 45+': (146, 7.0)}","{1: 4, 2: 5, 3: 4, 4: 9, 5: 33, 6: 53, 7: 101, 8: 41, 9: 26, 10: 31}",7,"[u'small-town', u'newspaper', u'editor', u'small-town-newspaper', u'mexican', u'social-commentary', u'blacklisted-director', u'social-conscience', u'lynch-mob', u'racial-prejudice', u'mexican-farmworker', u'small-town-reporter', u'herd-mentality', u'mob-mentality', u'based-on-novel']","[u'Terror on the loose - as men lose their reason in the grip of mob rule !', u'Now this is the showdown ... with one man and girl standing up against ... The Lawless !']"
0042531,actor,movie,The Gunfighter,1950,1.37 : 1,[u'Western'],[u'85'],7.7,7486,[u'Black and White'],"Notorious gunfighter Jimmy Ringo rides into town to find his true love, who doesn't want to see him. He hasn't come looking for trouble, but trouble finds him around every corner.",[u'en'],[u'us'],,7.7,"{u'aged 45+': (2805, 7.8), u'imdb staff': (1, 7.0), u'aged 30-44': (2454, 7.6), u'females': (557, 7.4), u'females aged 30-44': (199, 7.2), 'all votes': (7486, 7.7), u'females aged 45+': (251, 7.7), u'males': (5571, 7.7), u'males aged 18-29': (686, 7.8), u'males under 18': (7, 7.6), u'aged 18-29': (786, 7.8), u'males aged 30-44': (2233, 7.7), u'non-us users': (3218, 7.6), u'females aged 18-29': (95, 7.2), u'us users': (2601, 7.9), u'females under 18': (2, 5.0), u'aged under 18': (9, 7.2), u'top 1000 voters': (343, 7.5), u'males aged 45+': (2529, 7.8)}","{1: 85, 2: 42, 3: 38, 4: 82, 5: 284, 6: 599, 7: 1758, 8: 2571, 9: 1162, 10: 865}",8,"[u'shoulder-holster', u'gunslinger', u'saloon', u'marshal', u'gunfight', u'love-interest', u'kiss', u'bar-shootout', u'guns-of-the-west', u'professional-gunfighter', u'street-shootout', u'main-character-shot', u'main-character-dies', u'shootout', u'widow', u'teacher', u'stable', u'small-town', u'single-mother', u'separated', u'school', u'revenge', u'regret', u'one-day', u'new-mexico', u'name-change', u'murder', u'marriage', u'loss-of-husband', u'loss-of-brother', u'jail', u'hotel', u'general-store', u'funeral', u'father-son-relationship', u'face-slap', u'desert', u'deputy-marshal', u'church', u'bartender', u'barbershop', u'ambush', u'absent-father', u'1880s']","[u'RINGO WAS HIS NAME! THE CHALLENGE OF EVERY OUTLAW GUNMAN! THE NOTORIOUS SELF-DEFENSE KILLER! (original print ad - all caps)', u""His only friend was his gun... His only refuge - a woman's heart!""]"
0043129,actor,movie,When Willie Comes Marching Home,1950,1.37 : 1,"[u'Comedy', u'War']",[u'82'],6.6,507,[u'Black and White'],"Willie Kluggs enters the service with hopes of going overseas, but his uncanny marksmanship keeps him at home as a shooting instructor... much to his embarrassment.","[u'en', u'fr']",[u'us'],,6.6,"{u'aged 45+': (261, 6.5), u'aged 30-44': (123, 6.6), u'females': (32, 6.1), u'females aged 30-44': (12, 6.3), 'all votes': (507, 6.6), u'females aged 45+': (17, 5.8), u'males': (389, 6.6), u'aged 18-29': (36, 6.8), u'males under 18': (1, 7.0), u'males aged 18-29': (33, 6.8), u'males aged 30-44': (110, 6.7), u'non-us users': (158, 6.4), u'females aged 18-29': (3, 7.3), u'us users': (252, 6.7), u'aged under 18': (1, 7.0), u'top 1000 voters': (97, 6.3), u'males aged 45+': (242, 6.5)}","{1: 11, 2: 4, 3: 9, 4: 16, 5: 53, 6: 131, 7: 166, 8: 57, 9: 35, 10: 25}",7,"[u'embarrassment', u'church', u'nazi', u'washington', u'trombone', u'small-town', u'rocket', u'promotion', u'airplane-crash', u'pentagon', u'peeling-potatoes', u'patriotism', u'parachute', u'nazi-occupied-france', u'humiliation', u'french-resistance', u'exploding-plane', u'drugstore', u'basic-training', u'band-practice', u'washington-d.c.', u'west-virginia', u'photograph', u'spy', u'missouri', u'welcome-home-party', u'mistaken-identity', u'ostracism', u'resistance-movement', u'london-england', u'military-officer', u'home-front', u'fake-marriage', u'parade', u'aviation', u'pentagon-building', u'rocketry', u'world-war-two', u'france', u'nazi-officer', u'military-life', u'war-hero', u'gestapo', u'american-legion', u'deception', u'drunkenness', u'character-name-in-title']","[u""It looks like we don't have any Taglines for this title yet.""]"
0041227,actor,movie,Captain China,1950,1.37 : 1,"[u'Action', u'Adventure', u'Romance', u'Thriller']",[u'USA:97'],6.2,69,[u'Black and White'],"Charles Chinnough, aka Captain China, washed ashore off his ship during a storm, is later rescued, but is relieved of duty when his former first mate...",[u'en'],[u'us'],,6.2,"{u'aged 45+': (48, 6.5), u'aged 30-44': (9, 5.6), u'females': (5, 6.2), u'females aged 30-44': (1, 7.0), 'all votes': (69, 6.2), u'females aged 45+': (3, 6.0), u'males': (52, 6.3), u'males aged 18-29': (1, 1.0), u'aged 18-29': (2, 3.5), u'males aged 30-44': (7, 5.6), u'non-us users': (35, 6.4), u'females aged 18-29': (1, 6.0), u'us users': (22, 6.3), u'top 1000 voters': (33, 7.0), u'males aged 45+': (44, 6.4)}","{1: 5, 2: 2, 3: 5, 4: 3, 5: 9, 6: 11, 7: 11, 8: 10, 9: 6, 10: 7}",6,"[u'china', u'typhoon', u'reef', u'hearing', u'china-sea', u'bare-chested-male', u'hairy-chest', u'vindication', u'sunken-ship', u'ship-captain', u'sea-storm', u'sailor', u'rescue', u'port', u'passenger-ship', u'native', u'lost-ship', u'loss-of-job', u'island', u'investigation', u'false-testimony', u'false-accusation', u'drinking', u'doctor', u'coward', u'confession', u'b-movie', u'1940s', u'independent-film', u'character-name-in-title']","[u'A Typhoon of Thrills!', u'A mutinous crew...a raging typhoon...a dangerous woman.', u'Hitting the screen with the force of a raging typhoon!']"
0041996,actor,movie,Twelve O'Clock High,1949,1.37 : 1,"[u'Drama', u'War']",[u'132'],7.8,10704,"[u'Black and White::(archive footage)', u'Black and White']",A hard-as-nails general takes over a bomber unit suffering from low morale and whips them into fighting shape.,[u'en'],[u'us'],,7.9,"{u'aged 45+': (4682, 8.0), u'imdb staff': (1, 8.0), u'aged 30-44': (2965, 7.4), u'females': (1122, 7.8), u'females aged 30-44': (344, 7.3), 'all votes': (10704, 7.8), u'females aged 45+': (610, 8.2), u'males': (7501, 7.7), u'males aged 18-29': (713, 7.6), u'males under 18': (5, 8.0), u'aged 18-29': (866, 7.6), u'males aged 30-44': (2601, 7.4), u'non-us users': (3092, 7.4), u'females aged 18-29': (145, 7.5), u'us users': (5003, 8.0), u'females under 18': (1, 5.0), u'aged under 18': (6, 7.4), u'top 1000 voters': (342, 7.3), u'males aged 45+': (4017, 8.0)}","{1: 127, 2: 43, 3: 65, 4: 144, 5: 338, 6: 829, 7: 2147, 8: 2909, 9: 1989, 10: 2113}",8,"[u'american-abroad', u'b-17-bomber', u'reminiscence', u'military-leadership', u'world-war-two', u'bomber', u'bombing', u'combat', u'warplane', u'combat-fatigue', u'airplane-coming-down', u'four-engine-airplane', u'machine-gun', u'automatic-weapon', u'aircrew', u'usaaf', u'anti-aircraft-artillery', u'airplane-navigator', u'told-in-flashback', u'luftwaffe', u'aerial-bombing', u'bombardier', u'flying-in-formation', u'airman', u'anti-aircraft-gun', u'bomber-aircraft', u'bombardment', u'fighter-plane', u'exhaustion', u'bomber-pilot', u'leadership', u'air-crew', u'airplane-shot-down', u'stress', u'machine-gunner', u'u.s.-air-force', u'air-base', u'military', u'male-bonding', u'aviation', u'loyalty', u'aerial-combat', u'goggles', u'mission-briefing', u'1940s', u'u.s.-military', u'firearm', u'post-traumatic-stress-disorder', u'ball-bearing', u'lieutenant-colonel', u'tail-gunner', u'airplane-on-fire', u'airplane-explosion', u'aircraft', u'paralysis', u'explosion', u'damaged-airplane', u'airplane', u'oxygen-mask', u'nurse', u'uniform', u'aerial-gunner', u'friendship-between-men', u'airforce', u'based-on-novel', u'number-in-title', u'reference-to-the-wright-brothers', u'lord-haw-haw', u'referemce-to-hermann-goering', u'baseball', u'haberdasher', u'drunkenness']",[u'A story of twelve men as their women never knew them...']
0041824,actor,movie,Roseanna McCoy,1949,1.37 : 1,[u'Drama'],[u'89'],5.8,154,[u'Black and White'],The saga of the Hatfield-and-McCoy feud is romanticized in Samuel Goldwyn's Roseanna McCoy. Newcomer Joan Evans stars as the title character...,[u'en'],[u'us'],,6.1,"{u'aged 45+': (82, 5.6), u'aged 30-44': (25, 5.9), u'females': (17, 5.7), u'females aged 30-44': (5, 5.3), 'all votes': (154, 5.8), u'females aged 45+': (11, 6.0), u'males': (100, 5.8), u'males aged 18-29': (7, 7.7), u'aged 18-29': (8, 7.3), u'males aged 30-44': (20, 6.0), u'non-us users': (40, 5.7), u'females aged 18-29': (1, 5.0), u'us users': (72, 5.8), u'top 1000 voters': (32, 5.4), u'males aged 45+': (70, 5.6)}","{1: 3, 2: 3, 3: 5, 4: 15, 5: 38, 6: 28, 7: 29, 8: 15, 9: 6, 10: 12}",6,"[u'based-on-novel', u'character-name-in-title']","[u""It looks like we don't have any Taglines for this title yet.""]"
0041650,actor,movie,Mighty Joe Young,1949,1.37 : 1,"[u'Adventure', u'Drama', u'Fantasy', u'Sci-Fi']","[u'94', u'USA:84']",7.0,3706,"[u'Black and White::(Sepiatone) (some sequences)', u'Black and White']",A young woman who has raised a giant gorilla from an infant brings him to Hollywood years later seeking her fortune in order to save her family's ranch.,"[u'en', u'sw']",[u'us'],"[u'$1,800,000 (estimated)']",7.1,"{u'aged 45+': (1657, 7.0), u'imdb staff': (2, 6.0), u'aged 30-44': (940, 6.9), u'females': (293, 7.0), u'females aged 30-44': (84, 7.1), 'all votes': (3706, 7.0), u'females aged 45+': (170, 7.0), u'males': (2610, 7.0), u'aged 18-29': (283, 7.1), u'males under 18': (3, 7.7), u'males aged 18-29': (249, 7.2), u'males aged 30-44': (843, 6.9), u'non-us users': (946, 6.7), u'females aged 18-29': (32, 6.7), u'us users': (1827, 7.2), u'aged under 18': (3, 7.7), u'top 1000 voters': (267, 6.7), u'males aged 45+': (1466, 7.0)}","{1: 29, 2: 33, 3: 52, 4: 91, 5: 256, 6: 674, 7: 1213, 8: 708, 9: 297, 10: 353}",7,"[u'gorilla', u'hollywood', u'africa', u'lion', u'cowboy', u'wrestler', u'team-roping', u'strongman', u'rescue', u'rampage', u'police', u'orphanage', u'orphan-girl', u'heroism', u'exotic-pet', u'drunkard', u'decoy', u'child-in-peril', u'building-on-fire', u'boxer', u'banana', u'animal-cruelty', u'simian-fiction', u'fire', u'nightclub', u'exploitation', u'giant-ape', u'stop-motion', u'giant-animal', u'character-name-in-title']","[u'Ten Terrific Thrills !', u'You See It All Happen !', u'Striking! Startling! Staggering!', u""Merian Cooper's amazing adventure in the unusual!""]"
0041866,actor,movie,She Wore a Yellow Ribbon,1949,1.37 : 1,[u'Western'],"[u'103', u'West Germany:90']",7.4,12924,[u'(Technicolor)'],"Captain Nathan Brittles, on the eve of retirement, takes out a last patrol to stop an impending massive Indian attack. Encumbered by women who must be evacuated, Brittles finds his mission imperiled.",[u'en'],[u'us'],"[u'$1,600,000 (estimated)']",7.5,"{u'aged 45+': (5045, 7.7), u'imdb staff': (2, 7.0), u'aged 30-44': (3816, 7.0), u'females': (1016, 7.2), u'females aged 30-44': (353, 6.9), 'all votes': (12924, 7.4), u'females aged 45+': (471, 7.5), u'males': (9267, 7.4), u'aged 18-29': (1258, 7.2), u'males under 18': (7, 7.6), u'males aged 18-29': (1089, 7.2), u'males aged 30-44': (3433, 7.0), u'non-us users': (4885, 7.1), u'females aged 18-29': (159, 7.1), u'us users': (4732, 7.6), u'aged under 18': (7, 7.6), u'top 1000 voters': (440, 7.2), u'males aged 45+': (4520, 7.7)}","{1: 139, 2: 82, 3: 145, 4: 254, 5: 673, 6: 1676, 7: 3266, 8: 3279, 9: 1724, 10: 1686}",8,"[u'retirement', u'cavalry', u'yellow-ribbon', u'captain', u'fort', u'attack', u'woman', u""reference-to-delmonico's-restaurant"", u'taps', u'trooper', u'burial', u'bible', u'reading-a-bible', u'sewing', u'little-boy', u'little-girl', u'dying', u'wound', u'child', u'death', u'thunder', u'doctor', u'song', u'singing', u'singer', u'whiskey', u'lightning', u'corporal', u'rifle', u'gunshot', u'buffalo', u'sergeant', u'binoculars', u'arapaho-tribe', u'horse-and-wagon', u'covered-wagon', u'bugler', u'bugle', u'american-flag', u'horse-riding', u'horse', u'calling-someone-a-young-buck', u'talking-to-dead-wife', u'dead-wife', u'grave', u'graveyard', u'irish-setter', u'dog', u'u.s.-army', u'love-triangle', u'19th-century', u'barroom-brawl', u'cheyenne-tribe', u'american-southwest', u'year-1876', u'reference-to-general-philip-sheridan', u'reference-to-william-tecumseh-sherman', u'1870s', u'reference-to-ulysses-s.-grant', u'reference-to-robert-e.-lee', u'reference-to-george-armstrong-custer', u'monument-valley', u'military-funeral', u'chewing-tobacco', u'gunrunner', u'arrow-in-chest', u'irish-stereotype', u'color-in-title', u'native-american-chief', u'widower', u'watch', u'peace-pipe', u'loneliness', u'gift', u'escort', u'chase', u'camp', u'aging', u'native-american']","[u""Wayne's greatest role as an Indian fighting Captain !"", u'A glorious and shining page in frontier history! (Ad cuts).', u'A hundred unsung heroes against a thousand savages in war paint! (Ad cuts).', u'John Wayne in his greatest role, as Capt. Brittles, cavalryman first, last, always! (Ad cuts).', u'The same star...the same director who gave you ""Stagecoach"" and ""Fort Apache"" now give you another roaring story of the fighting cavalry! (Ad cuts).', u'In the John Ford Tradition of Greatness', u""John Ford's New and Finest Picture of the Fighting Cavalry!"", u""JOHN FORD'S EPIC OF THE FIGHTING CAVALRY! (1954 & 1957 reissue posters)"", u""JOHN WAYNE'S GREATEST ROLE (1954 & 1957 reissue posters)""]"
0041631,actor,movie,Manhandled,1949,1.37 : 1,"[u'Crime', u'Drama', u'Film-Noir']",[u'97'],6.7,251,[u'Black and White'],The secretary to a phony psychiatrist finds herself caught up in the murder of a patient's wife and realizes that her life is also in danger.,[u'en'],[u'us'],,6.7,"{u'aged 45+': (146, 6.8), u'aged 30-44': (58, 6.5), u'females': (37, 6.9), u'females aged 30-44': (12, 6.5), 'all votes': (251, 6.7), u'females aged 45+': (22, 7.2), u'males': (175, 6.7), u'males aged 18-29': (3, 6.0), u'aged 18-29': (6, 6.2), u'males aged 30-44': (46, 6.6), u'non-us users': (83, 6.6), u'females aged 18-29': (3, 7.7), u'us users': (122, 6.8), u'top 1000 voters': (45, 6.6), u'males aged 45+': (122, 6.7)}","{1: 3, 2: 6, 3: 5, 4: 7, 5: 16, 6: 61, 7: 86, 8: 40, 9: 14, 10: 13}",7,"[u'dream', u'secretary', u'police', u'murder', u'insurance-investigator', u'sleeping-pills', u'single-mother', u'private-detective', u'police-detective', u'pawnshop', u'news-vendor', u'murder-by-auto', u'jewelry', u'italian-restaurant', u'forged-document', u'flower-vendor', u'fake-psychiatrist', u'ex-cop', u'chinese-laundry', u'brake-failure', u'attempted-murder', u'architect', u'based-on-novel']","[u'The story of a smiling ""Lady Killer"" who knew how to ""handle"" women!']"
0041332,actor,movie,El Paso,1949,1.37 : 1,[u'Western'],[u'103'],5.7,181,[u'(Cinecolor)'],"In El Paso, lawyer and ex-Confederate captain Clay Fletcher forms a vigilante group to bring law and order to a town where the judge is a drunk, the sheriff is corrupt and the town is run by a crooked landowner.",[u'en'],[u'us'],"[u'$1,000,000 (estimated)']",5.8,"{u'aged 45+': (111, 5.9), u'aged 30-44': (24, 5.4), u'females': (8, 5.5), u'females aged 30-44': (4, 5.0), 'all votes': (181, 5.7), u'females aged 45+': (3, 7.3), u'males': (137, 5.8), u'males aged 18-29': (8, 5.7), u'aged 18-29': (9, 5.8), u'males aged 30-44': (20, 5.5), u'non-us users': (58, 5.8), u'females aged 18-29': (1, 6.0), u'us users': (80, 5.7), u'top 1000 voters': (53, 5.8), u'males aged 45+': (108, 5.9)}","{1: 2, 2: 10, 3: 4, 4: 19, 5: 44, 6: 47, 7: 31, 8: 8, 9: 8, 10: 8}",6,"[u'vigilante', u'lawyer', u'law-and-order', u'el-paso-texas', u'saddle', u'cactus', u'sombrero', u'pots-and-pans', u'female-thief', u'mexico-texas-border', u'death-sentence', u'hanging-tree', u'sharpshooter', u'taxation', u'rancher', u'stagecoach', u'marriage-proposal', u'orphan', u'mexican', u'greedy-landowner', u'corrupt-sheriff', u'drunken-judge', u'gunfighter', u'grandfather', u'dust-storm', u'confederate-officer', u'johnny-reb', u'veteran', u'trial', u'murder', u'19th-century', u'1800s', u'year-1865', u'civil-war', u'alcoholic', u'gunfight', u'street-shootout']",[u'There was one law in El Paso ... you learned to kill quick ... if you wanted to live long!']
0041653,actor,movie,Miss Mink of 1949,1949,1.37 : 1,[u'Comedy'],[u'69'],,,[u'Black and White'],"After a woman wins a mink coat in a contest, her husband toils to appease her resulting ""champagne appetite"". A strong cast highlights this daffy B farce.",[u'en'],[u'us'],,,{},,,"[u'mink', u'mink-coat', u'farce', u'finance-company', u'rubbish', u'burglar', u'uncle', u'boss', u'dishwasher', u'garbage-can', u'shrewish-wife', u'radio-contest', u'loan-company', u'salesman', u'cigarette-smoking', u'police-sergeant', u'thug', u'disturbance', u'motorcycle', u'motorcycle-cop', u'radio-announcer', u'1940s', u'dispute', u'cheesecake', u'bathing-suit', u'fashion-model', u'fur-coat', u'jealousy', u'shrew', u'theft', u'police-station', u'mother-in-law', u'contestant', u'radio-program', u'stock-footage', u'irishman', u'jail', u'police-officer', u'patrol-car', u'cafe', u'philosopher', u'winner', u'contest-winner', u'low-budget-film', u'b-movie', u'year-in-title']","[u""IT'S ANKLES AWAY AND FUR FLYING (original poster-all caps)"", u""THE NATION'S CHOICE FOR LOVE AND FUN! (original poster-all caps)"", u""HE'S THE RADIO GIVE-AWAY OF THE YEAR!...and there are takers! (original poster)""]"
0040366,actor,movie,Force of Evil,1948,1.37 : 1,"[u'Crime', u'Drama', u'Film-Noir']",[u'78'],7.4,4537,[u'Black and White'],"An unethical lawyer, with an older brother he wants to help, becomes a partner with a client in the numbers racket.",[u'en'],[u'us'],,7.4,"{u'aged 45+': (1442, 7.4), u'imdb staff': (1, 8.0), u'aged 30-44': (1711, 7.4), u'females': (351, 7.3), u'females aged 30-44': (141, 7.3), 'all votes': (4537, 7.4), u'females aged 45+': (131, 7.3), u'males': (3351, 7.4), u'aged 18-29': (532, 7.4), u'males under 18': (1, 6.0), u'males aged 18-29': (456, 7.4), u'males aged 30-44': (1553, 7.4), u'non-us users': (2115, 7.3), u'females aged 18-29': (75, 7.2), u'us users': (1441, 7.5), u'aged under 18': (1, 6.0), u'top 1000 voters': (287, 7.1), u'males aged 45+': (1288, 7.4)}","{1: 32, 2: 23, 3: 23, 4: 77, 5: 246, 6: 610, 7: 1266, 8: 1305, 9: 543, 10: 412}",7,"[u'numbers-racket', u'lawyer', u'gangster', u'secretary', u'heart-trouble', u'brother-versus-brother', u'george-washington-bridge', u'brother-murders-brother', u'cult-film', u'tapped-phone', u'honesty', u'moral-courage', u'moral-principles', u'fourth-of-july', u'police-record', u'illegal-lottery', u'lottery', u'corruption', u'mental-calculation', u'claustrophobia', u'illegal-business', u'illegal-operation', u'swindle', u'stock-market-crash-1929', u'betting', u'lucky-number', u'first-person-narration', u'capitalism', u'1940s', u'manhattan-new-york-city', u'wall-street-manhattan-new-york-city', u'lower-east-side-manhattan-new-york-city', u'romantic-subplot', u'reference-to-cain', u'policeman', u'police-officer', u'mantle', u'killing', u'gun', u'gunman', u'fireplace', u'elevator', u'elevator-operator', u'death-of-brother', u'dead-man', u'dead-body', u'comptroller', u'cigarette-smoking', u'betrayal', u'writer-director', u'waterfront', u'syndicate', u'stoolie', u'stool-pigeon', u'mob-boss', u'law-office', u'gang-warfare', u'gambling-syndicate', u'fink', u'femme-fatale', u'eye-witness', u'crooked-lawyer', u'criminal-syndicate', u'crime-boss', u'corrupt-local-government', u'coffee', u'bridge', u'bootlegger', u'blacklist', u'adultery', u'manhattan-bridge', u'cain-and-abel', u'.38-special', u'wiretapping', u'resignation', u'racketeer', u'police-raid', u'new-york-city', u'murder', u'loyalty', u'kidnapping', u'gambling', u'flirtation', u'business-proposition', u'brooklyn-bridge', u'bookkeeper', u'brother-brother-relationship', u'bankruptcy', u'based-on-novel']","[u""It looks like we don't have any Taglines for this title yet.""]"
0040154,actor,movie,Belle Starr's Daughter,1948,1.37 : 1,[u'Western'],"[u'86', u'West Germany:69::(VHS)']",5.7,82,[u'Black and White'],The daughter of famous outlaw Belle Starr arrives at the town where her mother was murdered to find her killer.,[u'en'],[u'us'],,5.7,"{u'males aged 30-44': (16, 6.2), u'females': (4, 5.8), 'all votes': (82, 5.7), u'females aged 45+': (4, 5.8), u'males': (56, 5.5), u'aged 30-44': (16, 6.2), u'non-us users': (36, 5.5), u'aged 45+': (46, 5.4), u'us users': (24, 5.5), u'top 1000 voters': (36, 5.3), u'males aged 45+': (40, 5.4)}","{1: 0, 2: 4, 3: 2, 4: 8, 5: 25, 6: 23, 7: 10, 8: 3, 9: 3, 10: 4}",6,"[u'mother', u'daughter', u'belle-starr', u'killing', u'female-gunfighter', u'historical-fiction', u'disloyalty', u'double-cross', u'deceit', u'duplicity', u'deception', u'gunfighter', u'jail', u'violence', u'murderer', u'murder', u'cold-blooded-killer', u'bandit', u'outlaw-gang', u'gang-leader', u'gang-member', u'square-dancing', u'dancehall-girl', u'law-and-order', u'lawman', u'oklahoma-territory', u'kiowa-indian', u'indian', u'mexican', u'revenge', u""follow-in-mother's-footsteps"", u'marriage-proposal', u'dying-bandit', u'hold-up', u'frame-up', u'misplaced-admiration', u'cruelty', u'gunfire', u'doctor', u'posse', u'damsel-in-distress', u'ambush', u'deputy', u'hideout', u'cafe', u'1880s', u'u.s.-marshal', u'held-at-gunpoint', u'henchman', u'b-western', u'death-of-mother', u'character-name-in-title']","[u'INTO THE CIMARRON COUNTRY CAME A NEW OUTLAW QUEEN TO BREATHE THE FLAME OF BELLE STARR BACK INTO THE HEARTS OF MEN! (original ad - all caps)', u'Bandit Queen & Desperadoes Who Killed For Her!', u'Her Name Was A Proud, Fierce Challenge Flung Defiantly At The West!', u'Into the Cimarron Badlands came a new Cattle Queen!']"
0040724,actor,movie,Red River,1948,1.37 : 1,"[u'Action', u'Adventure', u'Romance', u'Western']","[u'133', u'West Germany:92', u'USA:126::(original theatrical version)']",7.8,23139,[u'Black and White'],"Dunson leads a cattle drive, the culmination of over 14 years of work, to its destination in Missouri. But his tyrannical behavior along the way causes a mutiny, led by his adopted son.","[u'en', u'es']",[u'us'],"[u'$3,000,000 (estimated)']",7.7,"{u'aged 45+': (7554, 7.8), u'imdb staff': (3, 8.0), u'aged 30-44': (7679, 7.7), u'females': (2198, 6.8), u'females aged 30-44': (724, 7.2), 'all votes': (23139, 7.8), u'females aged 45+': (1024, 6.3), u'males': (16450, 7.8), u'aged 18-29': (3195, 7.8), u'males under 18': (19, 7.9), u'males aged 18-29': (2766, 7.8), u'males aged 30-44': (6894, 7.7), u'non-us users': (9097, 7.7), u'females aged 18-29': (400, 7.5), u'us users': (8447, 7.8), u'aged under 18': (19, 7.9), u'top 1000 voters': (535, 7.7), u'males aged 45+': (6434, 7.9)}","{1: 989, 2: 139, 3: 155, 4: 299, 5: 691, 6: 1678, 7: 4402, 8: 6895, 9: 3958, 10: 3933}",8,"[u'cattle', u'cattle-drive', u'cowboy', u'cowboys-and-outlaws', u'cowboy-boots', u'cowboys-and-indians', u'texas', u'kansas', u'wagon-train', u'orphan', u'rio-grande', u'railroad', u'deserter', u'cattle-ranch', u'silver-dollar', u'gay-subtext', u'alliterative-title', u'two-word-title', u'street-shootout', u'19th-century', u'gunslinger', u'bib-shirt', u'buckskin', u'civil-war-veteran', u'gambler', u'fog', u'livestock', u'1850s', u'irish-stereotype', u'cattle-town', u'monomaniac', u'compulsive-obsessive', u'dead-cattle', u'irish-character', u'native-american-stereotype', u'branding', u'1860s', u'mexican', u'bracelet', u'lost-love', u'vengeance', u'cattle-empire', u'abilene-kansas', u'irish-immigrant', u'dentures', u'year-1851', u'horse-whip', u'revenge', u'arm-in-sling', u'derringer', u'day-for-night', u'fight-in-water', u'false-teeth', u'poker', u'cherokee', u'rolling-cigarette', u'sugar', u'apache', u'on-the-run', u'chase', u'tough-guy', u'arm-sling', u'tough-girl', u'cowboy-shirt', u'cowboy-hat', u'outlaw', u'flintlock-rifle', u'musket', u'native-american', u'ambush', u'held-at-gunpoint', u'murder', u'pistol', u'six-shooter', u'colt-.45', u'winchester-rifle', u'repeating-rifle', u'shot-with-a-bow-and-arrow', u'bow-and-arrow', u'battle', u'standoff', u'fistfight', u'brawl', u'sex-scene', u'disarming-someone', u'fast-draw', u'equestrian', u'passionate-kiss', u'kiss', u'western-town', u'western-hero', u'hero', u'afi', u'shooting-contest', u'scout', u'river-crossing', u'rifle', u'revolver', u'prairie', u'gunfight', u'gang-of-outlaws', u'fiancee', u'employer-employee-relationship', u'color-in-title', u'chuck-wagon', u'cattle-branding', u'businessman', u'bitter-man', u'stepfather-stepson-relationship', u'native-american-attack', u'blockbuster', u'betrayal', u'stampede', u'title-spoken-by-character', u'gay-interest']","[u'Greatest Spectacle Ever!', u'Big as the men who faced this challenge! Bold as the women who loved them!', u'Drama that surges with the most spectacular scenes ever filmed!', u'In 25 Years, Only Three! ""The Covered Wagon"", ""Cimarron"" and now Howard Hawks\' ""Red River""']"
0040869,actor,movie,That Lady in Ermine,1948,1.37 : 1,"[u'Comedy', u'Fantasy', u'Musical', u'Romance']",[u'89'],5.9,504,[u'(Technicolor)'],"Circa 1861, Angelina, ruling countess of an Italian principality, is at a loss when invaded by a Hungarian army...",[u'en'],[u'us'],"[u'$2,484,000 (estimated)']",6.1,"{u'aged 45+': (232, 5.7), u'aged 30-44': (141, 6.1), u'females': (85, 6.2), u'females aged 30-44': (33, 6.5), 'all votes': (504, 5.9), u'females aged 45+': (34, 5.8), u'males': (335, 5.9), u'aged 18-29': (48, 6.6), u'males aged 18-29': (33, 6.7), u'males aged 30-44': (106, 6.0), u'non-us users': (226, 6.1), u'females aged 18-29': (14, 6.6), u'us users': (172, 5.7), u'females under 18': (1, 7.0), u'aged under 18': (1, 7.0), u'top 1000 voters': (79, 5.6), u'males aged 45+': (193, 5.7)}","{1: 1, 2: 13, 3: 27, 4: 58, 5: 86, 6: 117, 7: 104, 8: 44, 9: 21, 10: 33}",6,"[u'newlywed', u'hungarian', u'portrait-painting', u'officer', u'look-alike', u'jealousy', u'hussar', u'ghost', u'ancestor', u'actress-playing-multiple-roles', u'castle', u'supernatural', u'enemy', u'painting', u'dream', u'remake']","[u'GAY, MUSICAL COMEDY...SPARKLING WITH SPICY SITUATIONS! (original ad - all caps)']"
0041625,actor,movie,The Man from Colorado,1948,1.37 : 1,"[u'Romance', u'Western']",[u'100'],6.7,1118,[u'(Technicolor)'],"At the end of the Civil War, two friends return home but one of them suffers from PTSD and his behavior is violent and erratic.",[u'en'],[u'us'],"[u'$1,000,000 (estimated)']",6.8,"{u'aged 45+': (612, 6.8), u'imdb staff': (1, 8.0), u'aged 30-44': (253, 6.4), u'females': (94, 6.9), u'females aged 30-44': (32, 6.0), 'all votes': (1118, 6.7), u'females aged 45+': (51, 7.5), u'males': (838, 6.7), u'aged 18-29': (49, 6.8), u'males aged 18-29': (40, 6.9), u'males aged 30-44': (219, 6.5), u'non-us users': (492, 6.6), u'females aged 18-29': (9, 6.7), u'us users': (382, 6.8), u'females under 18': (1, 9.0), u'aged under 18': (1, 9.0), u'top 1000 voters': (152, 6.6), u'males aged 45+': (558, 6.7)}","{1: 8, 2: 7, 3: 13, 4: 39, 5: 112, 6: 257, 7: 388, 8: 185, 9: 43, 10: 66}",7,"[u'white-flag', u'siege', u'place-in-title', u'romantic-rivalry', u'husband-wife-relationship', u'burning-building', u'dysfunctional-marriage', u'burning-a-town', u'town-on-fire', u'collapsing-building', u'bridge', u'horse-and-buggy', u'shot-in-the-back', u'interrupted-hanging', u'horse-and-wagon', u'blindfold', u'wrongful-execution', u'wrongful-conviction', u'saved-from-execution', u'hanged-man', u""doctor's-bag"", u'escape-from-jail', u'jail-cell', u'jail', u'shot-to-death', u'safe', u'armed-robbery', u'masked-robber', u'death-of-brother', u'brother-brother-relationship', u'posse', u'lynching', u'land-dispute', u'outlaw-gang', u'outlaw', u'stolen-gold', u'bag-of-gold', u'death-of-title-character', u'gold', u'stagecoach-robbery', u'doctor', u'wedding', u'marriage', u'marshal', u'punched-in-the-face', u'bed', u'head-bandage', u'dance', u'courtroom', u'court', u'post-traumatic-stress-disorder', u'cannon-fire', u'federal-judge', u'best-friend', u'love-triangle', u'marriage-proposal', u'voice-over-diary', u'1860s', u'year-1865', u'cannon', u'massacre', u'war-crime', u'binoculars', u'surrender', u'gorge', u'colonel', u'army-captain', u'confession', u'psychological-western', u'gold-miner', u'mining-company', u'mining-town', u'post-civil-war', u'union-soldier', u'confederate-soldier', u'miscarriage-of-justice', u'hanging-judge', u'crooked-judge', u'state-name-in-title', u'one-word-title', u'justice', u'street-shootout', u'cult-film', u'cowboy-boots', u'cowboys-and-outlaws', u'cowboy', u'cowboy-shirt', u'cowboy-hat', u'horse', u'saddle', u'spur', u'brawl', u'fistfight', u'desert', u'tragic-villain', u'crushed-to-death', u'disarming-someone', u'gunshot-wound', u'main-character-dies', u'western-town', u'fire', u'arson', u'revolver', u'winchester-rifle', u'repeating-rifle', u'six-shooter', u'pistol', u'gunfight', u'shootout', u'showdown', u'shooting', u'ambush', u'american-civil-war', u'american-soldier', u'civil-war-veteran', u'psychopath', u'quick-draw', u'opening-action-scene', u'murder', u'battlefield', u'battle', u'horse-chase', u'chase', u'suspense', u'hanging', u'warrior', u'tough-guy', u'villain-played-by-lead-actor', u'melodrama', u'judge', u'surprise-ending']","[u""COLORADO WASN'T BIG ENOUGH FOR BOTH...WHEN A WOMAN CAME BETWEEN THEM! (original print ad - all caps)""]"
0040369,actor,movie,Fort Apache,1948,1.37 : 1,[u'Western'],"[u'128', u'West Germany:84::(cut version)']",7.6,13576,[u'Black and White'],"At Fort Apache, an honorable and veteran war captain finds conflict when his regime is placed under the command of a young, glory hungry lieutenant colonel with no respect for the local Indian tribe.","[u'en', u'es']",[u'us'],"[u'$2,500,000 (estimated)']",7.6,"{u'aged 45+': (5125, 7.8), u'imdb staff': (1, 7.0), u'aged 30-44': (4149, 7.4), u'females': (1053, 7.5), u'females aged 30-44': (354, 7.3), 'all votes': (13576, 7.6), u'females aged 45+': (494, 7.8), u'males': (9883, 7.6), u'males aged 18-29': (1308, 7.5), u'males under 18': (8, 7.3), u'aged 18-29': (1500, 7.5), u'males aged 30-44': (3758, 7.4), u'non-us users': (5441, 7.4), u'females aged 18-29': (179, 7.3), u'us users': (4732, 7.8), u'females under 18': (1, 7.0), u'aged under 18': (9, 7.2), u'top 1000 voters': (439, 7.5), u'males aged 45+': (4577, 7.8)}","{1: 120, 2: 80, 3: 96, 4: 189, 5: 555, 6: 1396, 7: 3446, 8: 4073, 9: 1950, 10: 1671}",8,"[u'apache', u'fort-apache', u'military', u'colonel', u'captain', u'reference-to-alexander-the-great', u'reference-to-napoleon', u'bare-chested-male', u'american-civil-war-veteran', u'19th-century', u'tortured-to-death', u'tied-to-a-wagon-wheel', u'cult-film', u'fanaticism', u'slaughter', u'secret', u'military-life', u'massacre', u'last-stand', u'hidden-truth', u'hero-worship', u'drunkenness', u'discipline', u'ambition', u'cavalry', u'native-american']","[u""John Ford's Masterpiece of the Frontier!""]"
0040082,actor,movie,Albuquerque,1948,1.37 : 1,[u'Western'],[u'90'],6.7,440,[u'(Cinecolor)'],"Cole Armin, recruited by his corrupt uncle as heir apparent to his freight-hauling empire, defects to his honest rival.",[u'en'],[u'us'],,6.8,"{u'aged 45+': (259, 6.8), u'aged 30-44': (86, 6.4), u'females': (29, 7.3), u'females aged 30-44': (7, 6.6), 'all votes': (440, 6.7), u'females aged 45+': (17, 7.2), u'males': (345, 6.6), u'males aged 18-29': (20, 6.5), u'aged 18-29': (25, 6.7), u'males aged 30-44': (76, 6.3), u'non-us users': (168, 6.3), u'females aged 18-29': (5, 7.8), u'us users': (183, 6.9), u'top 1000 voters': (70, 6.3), u'males aged 45+': (242, 6.7)}","{1: 6, 2: 4, 3: 9, 4: 18, 5: 41, 6: 93, 7: 150, 8: 62, 9: 21, 10: 36}",7,"[u'stagecoach', u'henchman', u'freight', u'freight-company', u'shootout', u'mine', u'sibling', u'robbery', u'passenger', u'freight-line', u'contract', u'competition', u'agent', u'beer', u'shale', u'street-shootout', u'building-on-fire', u'father-daughter-relationship', u'water-well', u'horse-and-wagon', u'shot-to-death', u'roulette-wheel', u'crooked-lawman', u'runaway-horse', u'hold-up', u'floor-safe', u'armed-robbery', u'held-at-gunpoint', u'doctor', u'ambush', u'sombrero', u'explosion', u'bullwhip', u'church', u'buggy', u'set-up', u'frontier-town', u'prisoner', u'oil-lamp', u'map', u'jail-cell', u'cowboy', u'masked-man', u'gambling', u'photograph', u'bar', u'testimony', u'courtroom', u'posse', u'framed', u'witness', u'judge', u'bedridden', u'gunman', u'betting', u'false-accusation', u'informer', u'casino', u'beard', u'sidekick', u'reference-to-damon-and-pythias', u'highwayman', u'mule-train', u'saloon', u'monopoly', u'outlaw-gang', u'trial', u'glove', u'bookkeeper', u'arson', u'roulette', u'runaway-stagecoach', u'whiskers', u'reference-to-samson-and-delilah', u'wishing-well', u'stagecoach-driver', u'uncle-nephew-relationship', u'teamster', u'family-relationships', u'brother-sister-relationship', u'woman-barber', u'wheelchair', u'wagon-race', u'tyrant', u'texan', u'stagecoach-robbery', u'silver', u'silver-mine', u'sheriff', u'partner', u'new-mexico', u'marriage', u'lawman', u'investment', u'handicapped', u'gun', u'gunfight', u'deputy', u'crooked-sheriff', u'albuquerque-new-mexico']","[u""It's got ALL-STAR Names! It's got ACTION-PACKED Thrills! It's got ADVENTURE-LOADED Romance! It's got AMAZING Color!"", u'TREMENDOUS THRILL STORY OF A LAWELSS, BRAWLING FRONTIER ELDORADO! (original one-sheet poster)', u'MIGHTY DRAMA OF A FABULOUS FRONTIER TOWN OF SILVER...SINNERS...AND SIX-SHOOTERS! (original three-sheet poster)', u'OUT OF THE FLAMING PAGES OF THE BULLET-STREAKED NOVEL...COMES THE EPIC STORY OF THE TOWN AND THE WOMAN THAT ONLY ONE MAN COULD TAME! (original six-sheet poster)', u'BLAZING GUNS MADE HISTORY EACH DAY...AND WARM LIPS MADE MEMORIES AT NIGHT...']"
0036868,actor,movie,The Best Years of Our Lives,1946,1.37 : 1,"[u'Drama', u'Romance', u'War']",[u'170'],8.1,44619,[u'Black and White'],Three World War II veterans return home to small-town America to discover that they and their families have been irreparably changed.,[u'en'],[u'us'],"[u'$2,100,000 (estimated)']",8.0,"{u'aged 45+': (11721, 8.5), u'imdb staff': (5, 8.0), u'aged 30-44': (15102, 7.9), u'females': (6631, 8.2), u'females aged 30-44': (2443, 8.1), 'all votes': (44619, 8.1), u'females aged 45+': (2457, 8.7), u'males': (29540, 8.1), u'males aged 18-29': (7160, 8.0), u'males under 18': (54, 7.5), u'aged 18-29': (8763, 8.0), u'males aged 30-44': (12523, 7.9), u'non-us users': (16539, 7.9), u'females aged 18-29': (1534, 7.9), u'us users': (16530, 8.4), u'females under 18': (11, 8.3), u'aged under 18': (65, 7.7), u'top 1000 voters': (551, 8.0), u'males aged 45+': (9124, 8.4)}","{1: 1380, 2: 281, 3: 363, 4: 560, 5: 1288, 6: 2694, 7: 6592, 8: 11404, 9: 9090, 10: 10967}",8,"[u'readjusting-to-civilian-life', u'world-war-two-veteran', u'veteran', u'marriage', u'banker', u'bombardier', u'pharmacy', u'falling-in-love', u'soda-jerk', u'post-war', u'fictional-city', u'artificial-hand', u'prosthetic-hand', u'1940s', u'world-war-two', u'wedding-ceremony', u'father-of-the-bride', u'junkman', u'war-hero', u'abandoned-airplane', u'military-citation', u'fired-from-the-job', u'employer-employee-relationship', u'drugstore-cowboy', u'loan-and-trust-company', u'credit-rating', u'speech', u'salesclerk', u'buying-a-farm', u'military-officer', u'b-17-bomber', u'bank-officer', u'trust-company', u'bomber-plane', u'military-ribbon', u'soda-fountain', u'military', u'u.s.-soldier', u'americana', u'airplane-graveyard', u'unfaithfulness', u'returning-home', u'u.s.-sailor', u'pilot', u'husband-wife-relationship', u'family-relationships', u'handicapped-actor', u'homecoming', u'pity', u'love', u'children', u'fire', u'ptsd', u'nightgown', u'wanting-a-divorce', u'joblessness', u'recurring-dream', u'sleeping-on-a-couch', u'first-person-title', u'door-buzzer', u'salute', u'street-life', u'taxi-driver', u'reference-to-detroit-michigan', u'reference-to-cleveland-ohio', u'war-effort', u'source-music', u'symphonic-music-score', u'leitmotif', u'orchestral-music-score', u'character-says-i-love-you', u'masculinity', u'manhood', u'marriage-proposal', u'flower-girl', u'minister', u'here-comes-the-bride', u'pearl-necklace', u'punch-the-drink', u'toast', u'wedding-ring', u'best-man', u'wedding-present', u'bride-and-groom', u'asking-for-a-job', u'audio-flashback', u'flight-jacket', u'eyeglasses', u'heroism', u'distinguished-flying-cross', u'packing', u'tearing-up-a-photograph', u'paris-france', u'job-seeking', u'unemployment-office', u'unemployment-insurance', u'elbow', u'harness', u'courage', u'freak', u'athlete', u'glass-of-milk', u'american-football-player', u'basketball-player', u'american-flag', u'destruction-of-property', u'fight', u'politics', u'german', u'broken-heart', u'ice-cream-sundae', u'kitchen', u'piano-lesson', u'pay-phone', u'chopsticks-the-song', u'love-triangle', u'hate', u'humiliation', u'bromo-seltzer', u'belch', u'eyebrow-pencil', u'lipstick', u'powder-puff', u'compact', u'ladies-room', u'flash-camera', u'photographer', u""hit-in-the-face-with-someone's-elbow"", u'storytelling', u'counting-drinks', u'fur-coat', u'fork', u'applause', u'corsage', u'newspaper', u'double-date', u'ironing', u'convertible', u'italian-restaurant', u'apple-pie', u'cafe', u'cosmetics', u'boy', u'mechanical-toy', u'toy', u'tomato-farmer', u'farming', u'reference-to-uncle-sam', u'farmer', u'collateral', u'g.i.-loan', u'false-eyelashes', u'farm', u'self-reliance', u'breaking-a-glass-window', u'rifle', u'tricycle', u'wood-shed', u'boy-next-door', u'girl-next-door', u'neighbor', u'dusseldorf-germany', u'scarf', u'perfume', u'briefcase', u'cuban-cigar', u'bomb', u'store-manager', u'pharmacist', u'lunch-counter', u""sitting-on-someone's-lap"", u'japanese', u'matches', u'coffee', u'eating', u'food', u'bathrobe', u'buzzer', u'marital-problem', u'dream', u'flowers', u'breakfast-tray', u'red-cross', u'shower-with-clothes-on', u'shower', u'photograph', u'mirror', u'venetian-blinds', u'shoes', u'hospital-worker', u'hospital', u'brother-sister-relationship', u'twenty-something', u'teenage-boy', u'breakfast', u'bathroom', u'hangover', u'canopy-bed', u'walking-on-tiptoes', u'closet', u'money', u'plane-crash', u'talking-in-sleep', u'sleeplessness', u'sleeping-on-a-sofa', u'bedroom', u'putting-someone-to-bed', u'dressing-someone', u'dog-tags', u'passing-out', u'bed', u""hitting-one's-head-on-a-car-door"", u'pajamas', u'undressing', u'handshake', u'souvenir', u'pipe-cleaning', u'leyte-philippines', u'philippines', u'waiter', u'whiskey', u'beer', u'bartender', u'captain', u'apprehension', u'patronizing', u'singing', u'singer', u'reference-to-douglas-macarthur', u'pipe-smoking', u'cigar-smoking', u'drummer', u'band', u'dancer', u'celebration', u'sleeping', u'reference-to-stars-and-stripes-newspaper', u'maid', u'atomic-energy', u'hiroshima-japan', u'japanese-flag', u'samurai-sword', u'war-souvenir', u'apartment', u'telephone-call', u'elevator', u'pianist', u'tears', u'crying', u'duffel-bag', u'kiss', u'boyfriend-girlfriend-relationship', u'girl', u'taxi', u'reunion', u'uncle-nephew-relationship', u'baseball-stadium', u'football-field', u'golf-course', u'rehabilitation', u'cigarette-smoking', u'drink', u'sergeant', u'adultery', u'hook-for-hand', u'u.s.-navy', u'u.s.-army', u'u.s.-air-force', u'drinking', u'memory', u'unfaithful-wife', u'mother-son-relationship', u'mother-daughter-relationship', u'homefront', u'father-son-relationship', u'father-daughter-relationship', u'drunkenness', u'three-on-a-match', u'conversation-with-someone-playing-a-piano', u'deep-focus', u'wounded-soldier', u'blockbuster', u'amputee', u'loan', u'extramarital-affair', u'airport', u'piano', u'banquet', u'restaurant', u'job-interview', u'alcoholism', u'airplane', u'nightmare', u'class-differences', u'nightclub', u'prefabricated-house', u'infidelity', u'unemployment', u'target-practice', u'disability', u'famous-score', u'bank', u'wedding', u'drugstore', u'divorce', u'song', u'stepmother-stepson-relationship', u'dancing', u'bar', u'window-smashing', u'based-on-novel']","[u""THE SCREEN'S GREATEST LOVE STORY IS THE BEST FILM THIS YEAR FROM HOLLYWOOD!"", u""Samuel Goldwyn's greatest production"", u'The Most Honored Picture of All Time (1954 widescreen reissue)', u'Three wonderful loves in the best picture of the year!', u'Filled with all the love and warmth and joy. . .the human heart can hold!']"
